구간시작시각,VDS_ID,연결방향,방향코드,VDS이정_km,도로이정_km,콘존ID,콘존명,콘존길이_km,원시행수,관측시각수,차로수,교통량_5분,평균속도_5분_km_h,점유율_5분_pct,속도관측행수,점유율유효행수,음수오류행수,전부0행수,속도관측비율,전부0비율,품질상태
2026-08-20 00:00:00,0010VDE31400,반대 방향,E,406.50,403.30,0010CZE470,서울TG-판교IC,3.640,50,10,5,143.0,96.15,0.394,44,50,0,6,0.8800,0.1200,OK
2026-08-20 00:05:00,0010VDE31400,반대 방향,E,406.50,403.30,0010CZE470,서울TG-판교IC,3.640,50,10,5,134.0,97.03,0.395,47,50,0,3,0.9400,0.0600,OK
2026-08-20 00:10:00,0010VDE31400,반대 방향,E,406.50,403.30,0010CZE470,서울TG-판교IC,3.640,50,10,5,162.0,97.01,0.403,45,50,0,5,0.9000,0.1000,OK
2026-08-20 00:15:00,0010VDE31400,반대 방향,E,406.50,403.30,0010CZE470,서울TG-판교IC,3.640,50,10,5,132.0,96.63,0.438,47,50,0,3,0.9400,0.0600,OK
2026-08-20 00:20:00,0010VDE31400,반대 방향,E,406.50,403.30,0010CZE470,서울TG-판교IC,3.640,50,10,5,168.0,95.89,0.461,49,50,0,1,0.9800,0.0200,OK
2026-08-20 00:25:00,0010VDE31400,반대 방향,E,406.50,403.30,0010CZE470,서울TG-판교IC,3.640,50,10,5,129.0,98.53,0.397,44,50,0,6,0.8800,0.1200,OK
2026-08-20 00:30:00,0010VDE31400,반대 방향,E,406.50,403.30,0010CZE470,서울TG-판교IC,3.640,50,10,5,173.0,95.59,0.425,47,50,0,3,0.9400,0.0600,OK
2026-08-20 00:35:00,0010VDE31400,반대 방향,E,406.50,403.30,0010CZE470,서울TG-판교IC,3.640,50,10,5,134.0,95.29,0.411,47,50,0,3,0.9400,0.0600,OK
2026-08-20 00:40:00,0010VDE31400,반대 방향,E,406.50,403.30,0010CZE470,서울TG-판교IC,3.640,50,10,5,132.0,98.99,0.438,47,50,0,3,0.9400,0.0600,OK
2026-08-20 00:45:00,0010VDE31400,반대 방향,E,406.50,403.30,0010CZE470,서울TG-판교IC,3.640,50,10,5,143.0,99.76,0.414,48,50,0,2,0.9600,0.0400,OK
2026-08-20 00:50:00,0010VDE31400,반대 방향,E,406.50,403.30,0010CZE470,서울TG-판교IC,3.640,50,10,5,126.0,96.58,0.415,46,50,0,4,0.9200,0.0800,OK
2026-08-20 00:55:00,0010VDE31400,반대 방향,E,406.50,403.30,0010CZE470,서울TG-판교IC,3.640,50,10,5,136.0,97.35,0.424,46,50,0,4,0.9200,0.0800,OK
2026-08-20 01:00:00,0010VDE31400,반대 방향,E,406.50,403.30,0010CZE470,서울TG-판교IC,3.640,50,10,5,119.0,96.24,0.389,43,50,0,7,0.8600,0.1400,OK
2026-08-20 01:05:00,0010VDE31400,반대 방향,E,406.50,403.30,0010CZE470,서울TG-판교IC,3.640,50,10,5,117.0,97.44,0.400,44,50,0,6,0.8800,0.1200,OK
2026-08-20 01:10:00,0010VDE31400,반대 방향,E,406.50,403.30,0010CZE470,서울TG-판교IC,3.640,50,10,5,115.0,95.36,0.446,44,50,0,6,0.8800,0.1200,OK
2026-08-20 01:15:00,0010VDE31400,반대 방향,E,406.50,403.30,0010CZE470,서울TG-판교IC,3.640,50,10,5,128.0,96.52,0.453,46,50,0,4,0.9200,0.0800,OK
2026-08-20 01:20:00,0010VDE31400,반대 방향,E,406.50,403.30,0010CZE470,서울TG-판교IC,3.640,50,10,5,112.0,98.31,0.377,44,50,0,6,0.8800,0.1200,OK
2026-08-20 01:25:00,0010VDE31400,반대 방향,E,406.50,403.30,0010CZE470,서울TG-판교IC,3.640,50,10,5,101.0,97.23,0.418,44,50,0,6,0.8800,0.1200,OK
2026-08-20 01:30:00,0010VDE31400,반대 방향,E,406.50,403.30,0010CZE470,서울TG-판교IC,3.640,50,10,5,108.0,93.60,0.363,41,50,0,9,0.8200,0.1800,OK
2026-08-20 01:35:00,0010VDE31400,반대 방향,E,406.50,403.30,0010CZE470,서울TG-판교IC,3.640,50,10,5,98.0,96.26,0.391,40,50,0,10,0.8000,0.2000,OK
2026-08-20 01:40:00,0010VDE31400,반대 방향,E,406.50,403.30,0010CZE470,서울TG-판교IC,3.640,50,10,5,91.0,100.27,0.350,39,50,0,11,0.7800,0.2200,OK
2026-08-20 01:45:00,0010VDE31400,반대 방향,E,406.50,403.30,0010CZE470,서울TG-판교IC,3.640,50,10,5,91.0,93.77,0.399,40,50,0,10,0.8000,0.2000,OK
2026-08-20 01:50:00,0010VDE31400,반대 방향,E,406.50,403.30,0010CZE470,서울TG-판교IC,3.640,50,10,5,84.0,91.98,0.414,40,50,0,10,0.8000,0.2000,OK
2026-08-20 01:55:00,0010VDE31400,반대 방향,E,406.50,403.30,0010CZE470,서울TG-판교IC,3.640,50,10,5,95.0,93.59,0.383,36,50,0,14,0.7200,0.2800,OK
2026-08-20 02:00:00,0010VDE31400,반대 방향,E,406.50,403.30,0010CZE470,서울TG-판교IC,3.640,50,10,5,89.0,94.61,0.407,41,50,0,9,0.8200,0.1800,OK
2026-08-20 02:05:00,0010VDE31400,반대 방향,E,406.50,403.30,0010CZE470,서울TG-판교IC,3.640,50,10,5,94.0,90.43,0.429,41,50,0,9,0.8200,0.1800,OK
2026-08-20 02:10:00,0010VDE31400,반대 방향,E,406.50,403.30,0010CZE470,서울TG-판교IC,3.640,50,10,5,98.0,93.05,0.389,39,50,0,11,0.7800,0.2200,OK
2026-08-20 02:15:00,0010VDE31400,반대 방향,E,406.50,403.30,0010CZE470,서울TG-판교IC,3.640,50,10,5,93.0,90.67,0.423,38,50,0,12,0.7600,0.2400,OK
2026-08-20 02:20:00,0010VDE31400,반대 방향,E,406.50,403.30,0010CZE470,서울TG-판교IC,3.640,50,10,5,97.0,91.72,0.408,41,50,0,9,0.8200,0.1800,OK
2026-08-20 02:25:00,0010VDE31400,반대 방향,E,406.50,403.30,0010CZE470,서울TG-판교IC,3.640,50,10,5,79.0,90.35,0.395,38,50,0,12,0.7600,0.2400,OK
2026-08-20 02:30:00,0010VDE31400,반대 방향,E,406.50,403.30,0010CZE470,서울TG-판교IC,3.640,50,10,5,86.0,90.86,0.430,41,50,0,9,0.8200,0.1800,OK
2026-08-20 02:35:00,0010VDE31400,반대 방향,E,406.50,403.30,0010CZE470,서울TG-판교IC,3.640,50,10,5,75.0,89.07,0.387,38,50,0,12,0.7600,0.2400,OK
2026-08-20 02:40:00,0010VDE31400,반대 방향,E,406.50,403.30,0010CZE470,서울TG-판교IC,3.640,50,10,5,73.0,93.67,0.260,28,50,0,22,0.5600,0.4400,OK
2026-08-20 02:45:00,0010VDE31400,반대 방향,E,406.50,403.30,0010CZE470,서울TG-판교IC,3.640,50,10,5,71.0,89.27,0.422,39,50,0,11,0.7800,0.2200,OK
2026-08-20 02:50:00,0010VDE31400,반대 방향,E,406.50,403.30,0010CZE470,서울TG-판교IC,3.640,50,10,5,70.0,91.06,0.376,36,50,0,14,0.7200,0.2800,OK
2026-08-20 02:55:00,0010VDE31400,반대 방향,E,406.50,403.30,0010CZE470,서울TG-판교IC,3.640,50,10,5,81.0,89.38,0.403,37,50,0,13,0.7400,0.2600,OK
2026-08-20 03:00:00,0010VDE31400,반대 방향,E,406.50,403.30,0010CZE470,서울TG-판교IC,3.640,50,10,5,76.0,91.64,0.436,37,50,0,13,0.7400,0.2600,OK
2026-08-20 03:05:00,0010VDE31400,반대 방향,E,406.50,403.30,0010CZE470,서울TG-판교IC,3.640,50,10,5,74.0,93.51,0.378,36,50,0,14,0.7200,0.2800,OK
2026-08-20 03:10:00,0010VDE31400,반대 방향,E,406.50,403.30,0010CZE470,서울TG-판교IC,3.640,50,10,5,65.0,88.15,0.351,32,50,0,18,0.6400,0.3600,OK
2026-08-20 03:15:00,0010VDE31400,반대 방향,E,406.50,403.30,0010CZE470,서울TG-판교IC,3.640,50,10,5,83.0,94.01,0.398,38,50,0,12,0.7600,0.2400,OK
2026-08-20 03:20:00,0010VDE31400,반대 방향,E,406.50,403.30,0010CZE470,서울TG-판교IC,3.640,50,10,5,71.0,93.20,0.407,37,50,0,13,0.7400,0.2600,OK
2026-08-20 03:25:00,0010VDE31400,반대 방향,E,406.50,403.30,0010CZE470,서울TG-판교IC,3.640,50,10,5,87.0,90.70,0.421,41,50,0,9,0.8200,0.1800,OK
2026-08-20 03:30:00,0010VDE31400,반대 방향,E,406.50,403.30,0010CZE470,서울TG-판교IC,3.640,50,10,5,78.0,90.59,0.419,41,50,0,9,0.8200,0.1800,OK
2026-08-20 03:35:00,0010VDE31400,반대 방향,E,406.50,403.30,0010CZE470,서울TG-판교IC,3.640,50,10,5,95.0,87.04,0.449,40,50,0,10,0.8000,0.2000,OK
2026-08-20 03:40:00,0010VDE31400,반대 방향,E,406.50,403.30,0010CZE470,서울TG-판교IC,3.640,50,10,5,87.0,88.33,0.488,39,50,0,11,0.7800,0.2200,OK
2026-08-20 03:45:00,0010VDE31400,반대 방향,E,406.50,403.30,0010CZE470,서울TG-판교IC,3.640,50,10,5,82.0,96.22,0.420,40,50,0,10,0.8000,0.2000,OK
2026-08-20 03:50:00,0010VDE31400,반대 방향,E,406.50,403.30,0010CZE470,서울TG-판교IC,3.640,50,10,5,78.0,89.68,0.420,39,50,0,11,0.7800,0.2200,OK
2026-08-20 03:55:00,0010VDE31400,반대 방향,E,406.50,403.30,0010CZE470,서울TG-판교IC,3.640,50,10,5,72.0,92.62,0.385,37,50,0,13,0.7400,0.2600,OK
2026-08-20 04:00:00,0010VDE31400,반대 방향,E,406.50,403.30,0010CZE470,서울TG-판교IC,3.640,50,10,5,111.0,84.70,0.534,43,50,0,7,0.8600,0.1400,OK
2026-08-20 04:05:00,0010VDE31400,반대 방향,E,406.50,403.30,0010CZE470,서울TG-판교IC,3.640,50,10,5,96.0,89.48,0.417,36,50,0,14,0.7200,0.2800,OK
2026-08-20 04:10:00,0010VDE31400,반대 방향,E,406.50,403.30,0010CZE470,서울TG-판교IC,3.640,50,10,5,101.0,87.50,0.473,42,50,0,8,0.8400,0.1600,OK
2026-08-20 04:15:00,0010VDE31400,반대 방향,E,406.50,403.30,0010CZE470,서울TG-판교IC,3.640,50,10,5,94.0,89.96,0.454,40,50,0,10,0.8000,0.2000,OK
2026-08-20 04:20:00,0010VDE31400,반대 방향,E,406.50,403.30,0010CZE470,서울TG-판교IC,3.640,50,10,5,103.0,90.40,0.465,42,50,0,8,0.8400,0.1600,OK
2026-08-20 04:25:00,0010VDE31400,반대 방향,E,406.50,403.30,0010CZE470,서울TG-판교IC,3.640,50,10,5,121.0,90.55,0.500,44,50,0,6,0.8800,0.1200,OK
2026-08-20 04:30:00,0010VDE31400,반대 방향,E,406.50,403.30,0010CZE470,서울TG-판교IC,3.640,50,10,5,106.0,91.97,0.477,43,50,0,7,0.8600,0.1400,OK
2026-08-20 04:35:00,0010VDE31400,반대 방향,E,406.50,403.30,0010CZE470,서울TG-판교IC,3.640,50,10,5,97.0,88.13,0.478,41,50,0,9,0.8200,0.1800,OK
2026-08-20 04:40:00,0010VDE31400,반대 방향,E,406.50,403.30,0010CZE470,서울TG-판교IC,3.640,50,10,5,131.0,88.52,0.504,45,50,0,5,0.9000,0.1000,OK
2026-08-20 04:45:00,0010VDE31400,반대 방향,E,406.50,403.30,0010CZE470,서울TG-판교IC,3.640,50,10,5,126.0,90.19,0.444,43,50,0,7,0.8600,0.1400,OK
2026-08-20 04:50:00,0010VDE31400,반대 방향,E,406.50,403.30,0010CZE470,서울TG-판교IC,3.640,50,10,5,138.0,94.30,0.464,46,50,0,4,0.9200,0.0800,OK
2026-08-20 04:55:00,0010VDE31400,반대 방향,E,406.50,403.30,0010CZE470,서울TG-판교IC,3.640,50,10,5,149.0,89.42,0.533,48,50,0,2,0.9600,0.0400,OK
2026-08-20 05:00:00,0010VDE31400,반대 방향,E,406.50,403.30,0010CZE470,서울TG-판교IC,3.640,50,10,5,149.0,91.83,0.517,49,50,0,1,0.9800,0.0200,OK
2026-08-20 05:05:00,0010VDE31400,반대 방향,E,406.50,403.30,0010CZE470,서울TG-판교IC,3.640,50,10,5,172.0,91.95,0.516,48,50,0,2,0.9600,0.0400,OK
2026-08-20 05:10:00,0010VDE31400,반대 방향,E,406.50,403.30,0010CZE470,서울TG-판교IC,3.640,50,10,5,175.0,91.82,0.484,47,50,0,3,0.9400,0.0600,OK
2026-08-20 05:15:00,0010VDE31400,반대 방향,E,406.50,403.30,0010CZE470,서울TG-판교IC,3.640,50,10,5,206.0,90.76,0.509,45,45,5,0,0.9000,0.0000,ERROR_VALUE
2026-08-20 05:20:00,0010VDE31400,반대 방향,E,406.50,403.30,0010CZE470,서울TG-판교IC,3.640,50,10,5,239.0,86.10,0.526,49,50,0,1,0.9800,0.0200,OK
2026-08-20 05:25:00,0010VDE31400,반대 방향,E,406.50,403.30,0010CZE470,서울TG-판교IC,3.640,50,10,5,265.0,90.40,0.531,50,50,0,0,1.0000,0.0000,OK
2026-08-20 05:30:00,0010VDE31400,반대 방향,E,406.50,403.30,0010CZE470,서울TG-판교IC,3.640,50,10,5,281.0,91.76,0.513,50,50,0,0,1.0000,0.0000,OK
2026-08-20 05:35:00,0010VDE31400,반대 방향,E,406.50,403.30,0010CZE470,서울TG-판교IC,3.640,50,10,5,279.0,89.92,0.541,50,50,0,0,1.0000,0.0000,OK
2026-08-20 05:40:00,0010VDE31400,반대 방향,E,406.50,403.30,0010CZE470,서울TG-판교IC,3.640,50,10,5,323.0,90.25,0.517,50,50,0,0,1.0000,0.0000,OK
2026-08-20 05:45:00,0010VDE31400,반대 방향,E,406.50,403.30,0010CZE470,서울TG-판교IC,3.640,50,10,5,316.0,92.45,0.508,50,50,0,0,1.0000,0.0000,OK
2026-08-20 05:50:00,0010VDE31400,반대 방향,E,406.50,403.30,0010CZE470,서울TG-판교IC,3.640,50,10,5,382.0,90.66,0.508,50,50,0,0,1.0000,0.0000,OK
2026-08-20 05:55:00,0010VDE31400,반대 방향,E,406.50,403.30,0010CZE470,서울TG-판교IC,3.640,50,10,5,402.0,89.95,0.523,50,50,0,0,1.0000,0.0000,OK
2026-08-20 06:00:00,0010VDE31400,반대 방향,E,406.50,403.30,0010CZE470,서울TG-판교IC,3.640,50,10,5,428.0,88.34,0.524,50,50,0,0,1.0000,0.0000,OK
2026-08-20 06:05:00,0010VDE31400,반대 방향,E,406.50,403.30,0010CZE470,서울TG-판교IC,3.640,50,10,5,395.0,93.55,0.468,50,50,0,0,1.0000,0.0000,OK
2026-08-20 06:10:00,0010VDE31400,반대 방향,E,406.50,403.30,0010CZE470,서울TG-판교IC,3.640,50,10,5,412.0,89.56,0.496,50,50,0,0,1.0000,0.0000,OK
2026-08-20 06:15:00,0010VDE31400,반대 방향,E,406.50,403.30,0010CZE470,서울TG-판교IC,3.640,50,10,5,465.0,87.66,0.501,50,50,0,0,1.0000,0.0000,OK
2026-08-20 06:20:00,0010VDE31400,반대 방향,E,406.50,403.30,0010CZE470,서울TG-판교IC,3.640,50,10,5,474.0,90.23,0.477,50,50,0,0,1.0000,0.0000,OK
2026-08-20 06:25:00,0010VDE31400,반대 방향,E,406.50,403.30,0010CZE470,서울TG-판교IC,3.640,50,10,5,469.0,88.58,0.512,50,50,0,0,1.0000,0.0000,OK
2026-08-20 06:30:00,0010VDE31400,반대 방향,E,406.50,403.30,0010CZE470,서울TG-판교IC,3.640,50,10,5,487.0,89.10,0.504,50,50,0,0,1.0000,0.0000,OK
2026-08-20 06:35:00,0010VDE31400,반대 방향,E,406.50,403.30,0010CZE470,서울TG-판교IC,3.640,50,10,5,465.0,86.83,0.495,50,50,0,0,1.0000,0.0000,OK
2026-08-20 06:40:00,0010VDE31400,반대 방향,E,406.50,403.30,0010CZE470,서울TG-판교IC,3.640,50,10,5,488.0,88.44,0.474,50,50,0,0,1.0000,0.0000,OK
2026-08-20 06:45:00,0010VDE31400,반대 방향,E,406.50,403.30,0010CZE470,서울TG-판교IC,3.640,50,10,5,504.0,87.49,0.484,50,50,0,0,1.0000,0.0000,OK
2026-08-20 06:50:00,0010VDE31400,반대 방향,E,406.50,403.30,0010CZE470,서울TG-판교IC,3.640,50,10,5,500.0,90.28,0.475,50,50,0,0,1.0000,0.0000,OK
2026-08-20 06:55:00,0010VDE31400,반대 방향,E,406.50,403.30,0010CZE470,서울TG-판교IC,3.640,50,10,5,442.0,86.69,0.474,50,50,0,0,1.0000,0.0000,OK
2026-08-20 07:00:00,0010VDE31400,반대 방향,E,406.50,403.30,0010CZE470,서울TG-판교IC,3.640,50,10,5,487.0,84.48,0.512,50,50,0,0,1.0000,0.0000,OK
2026-08-20 07:05:00,0010VDE31400,반대 방향,E,406.50,403.30,0010CZE470,서울TG-판교IC,3.640,50,10,5,432.0,84.11,0.507,49,50,0,1,0.9800,0.0200,OK
2026-08-20 07:10:00,0010VDE31400,반대 방향,E,406.50,403.30,0010CZE470,서울TG-판교IC,3.640,50,10,5,420.0,85.30,0.500,49,50,0,1,0.9800,0.0200,OK
2026-08-20 07:15:00,0010VDE31400,반대 방향,E,406.50,403.30,0010CZE470,서울TG-판교IC,3.640,50,10,5,422.0,85.23,0.481,48,50,0,2,0.9600,0.0400,OK
2026-08-20 07:20:00,0010VDE31400,반대 방향,E,406.50,403.30,0010CZE470,서울TG-판교IC,3.640,50,10,5,424.0,85.52,0.505,49,50,0,1,0.9800,0.0200,OK
2026-08-20 07:25:00,0010VDE31400,반대 방향,E,406.50,403.30,0010CZE470,서울TG-판교IC,3.640,50,10,5,416.0,85.47,0.494,49,50,0,1,0.9800,0.0200,OK
2026-08-20 07:30:00,0010VDE31400,반대 방향,E,406.50,403.30,0010CZE470,서울TG-판교IC,3.640,50,10,5,397.0,85.92,0.497,49,50,0,1,0.9800,0.0200,OK
2026-08-20 07:35:00,0010VDE31400,반대 방향,E,406.50,403.30,0010CZE470,서울TG-판교IC,3.640,50,10,5,399.0,86.23,0.489,49,50,0,1,0.9800,0.0200,OK
2026-08-20 07:40:00,0010VDE31400,반대 방향,E,406.50,403.30,0010CZE470,서울TG-판교IC,3.640,50,10,5,355.0,86.37,0.497,49,50,0,1,0.9800,0.0200,OK
2026-08-20 07:45:00,0010VDE31400,반대 방향,E,406.50,403.30,0010CZE470,서울TG-판교IC,3.640,50,10,5,402.0,82.93,0.510,50,50,0,0,1.0000,0.0000,OK
2026-08-20 07:50:00,0010VDE31400,반대 방향,E,406.50,403.30,0010CZE470,서울TG-판교IC,3.640,50,10,5,398.0,84.73,0.503,49,50,0,1,0.9800,0.0200,OK
2026-08-20 07:55:00,0010VDE31400,반대 방향,E,406.50,403.30,0010CZE470,서울TG-판교IC,3.640,50,10,5,382.0,87.61,0.492,50,50,0,0,1.0000,0.0000,OK
2026-08-20 08:00:00,0010VDE31400,반대 방향,E,406.50,403.30,0010CZE470,서울TG-판교IC,3.640,50,10,5,341.0,87.29,0.453,44,50,0,6,0.8800,0.1200,OK
2026-08-20 08:05:00,0010VDE31400,반대 방향,E,406.50,403.30,0010CZE470,서울TG-판교IC,3.640,50,10,5,422.0,85.57,0.508,50,50,0,0,1.0000,0.0000,OK
2026-08-20 08:10:00,0010VDE31400,반대 방향,E,406.50,403.30,0010CZE470,서울TG-판교IC,3.640,50,10,5,373.0,88.12,0.465,48,50,0,2,0.9600,0.0400,OK
2026-08-20 08:15:00,0010VDE31400,반대 방향,E,406.50,403.30,0010CZE470,서울TG-판교IC,3.640,50,10,5,389.0,90.20,0.495,50,50,0,0,1.0000,0.0000,OK
2026-08-20 08:20:00,0010VDE31400,반대 방향,E,406.50,403.30,0010CZE470,서울TG-판교IC,3.640,50,10,5,391.0,89.78,0.457,49,50,0,1,0.9800,0.0200,OK
2026-08-20 08:25:00,0010VDE31400,반대 방향,E,406.50,403.30,0010CZE470,서울TG-판교IC,3.640,50,10,5,369.0,87.72,0.468,49,50,0,1,0.9800,0.0200,OK
2026-08-20 08:30:00,0010VDE31400,반대 방향,E,406.50,403.30,0010CZE470,서울TG-판교IC,3.640,50,10,5,356.0,88.09,0.480,49,50,0,1,0.9800,0.0200,OK
2026-08-20 08:35:00,0010VDE31400,반대 방향,E,406.50,403.30,0010CZE470,서울TG-판교IC,3.640,50,10,5,336.0,90.48,0.441,47,50,0,3,0.9400,0.0600,OK
2026-08-20 08:40:00,0010VDE31400,반대 방향,E,406.50,403.30,0010CZE470,서울TG-판교IC,3.640,50,10,5,336.0,87.81,0.475,49,50,0,1,0.9800,0.0200,OK
2026-08-20 08:45:00,0010VDE31400,반대 방향,E,406.50,403.30,0010CZE470,서울TG-판교IC,3.640,50,10,5,321.0,89.00,0.440,47,50,0,3,0.9400,0.0600,OK
2026-08-20 08:50:00,0010VDE31400,반대 방향,E,406.50,403.30,0010CZE470,서울TG-판교IC,3.640,50,10,5,358.0,86.89,0.459,47,50,0,3,0.9400,0.0600,OK
2026-08-20 08:55:00,0010VDE31400,반대 방향,E,406.50,403.30,0010CZE470,서울TG-판교IC,3.640,50,10,5,377.0,83.13,0.518,50,50,0,0,1.0000,0.0000,OK
2026-08-20 09:00:00,0010VDE31400,반대 방향,E,406.50,403.30,0010CZE470,서울TG-판교IC,3.640,50,10,5,370.0,83.01,0.454,47,50,0,3,0.9400,0.0600,OK
2026-08-20 09:05:00,0010VDE31400,반대 방향,E,406.50,403.30,0010CZE470,서울TG-판교IC,3.640,50,10,5,398.0,85.24,0.512,49,50,0,1,0.9800,0.0200,OK
2026-08-20 09:10:00,0010VDE31400,반대 방향,E,406.50,403.30,0010CZE470,서울TG-판교IC,3.640,50,10,5,404.0,83.19,0.482,48,50,0,2,0.9600,0.0400,OK
2026-08-20 09:15:00,0010VDE31400,반대 방향,E,406.50,403.30,0010CZE470,서울TG-판교IC,3.640,50,10,5,413.0,72.52,0.565,48,50,0,2,0.9600,0.0400,OK
2026-08-20 09:20:00,0010VDE31400,반대 방향,E,406.50,403.30,0010CZE470,서울TG-판교IC,3.640,50,10,5,429.0,80.27,0.506,46,50,0,4,0.9200,0.0800,OK
2026-08-20 09:25:00,0010VDE31400,반대 방향,E,406.50,403.30,0010CZE470,서울TG-판교IC,3.640,50,10,5,425.0,74.67,0.654,50,50,0,0,1.0000,0.0000,OK
2026-08-20 09:30:00,0010VDE31400,반대 방향,E,406.50,403.30,0010CZE470,서울TG-판교IC,3.640,50,10,5,404.0,59.48,0.948,50,50,0,0,1.0000,0.0000,OK
2026-08-20 09:35:00,0010VDE31400,반대 방향,E,406.50,403.30,0010CZE470,서울TG-판교IC,3.640,50,10,5,383.0,60.87,0.845,43,50,0,7,0.8600,0.1400,OK
2026-08-20 09:40:00,0010VDE31400,반대 방향,E,406.50,403.30,0010CZE470,서울TG-판교IC,3.640,50,10,5,361.0,73.72,0.641,49,50,0,1,0.9800,0.0200,OK
2026-08-20 09:45:00,0010VDE31400,반대 방향,E,406.50,403.30,0010CZE470,서울TG-판교IC,3.640,50,10,5,385.0,83.93,0.483,47,50,0,3,0.9400,0.0600,OK
2026-08-20 09:50:00,0010VDE31400,반대 방향,E,406.50,403.30,0010CZE470,서울TG-판교IC,3.640,50,10,5,374.0,80.34,0.490,47,50,0,3,0.9400,0.0600,OK
2026-08-20 09:55:00,0010VDE31400,반대 방향,E,406.50,403.30,0010CZE470,서울TG-판교IC,3.640,50,10,5,424.0,78.46,0.509,48,50,0,2,0.9600,0.0400,OK
2026-08-20 10:00:00,0010VDE31400,반대 방향,E,406.50,403.30,0010CZE470,서울TG-판교IC,3.640,50,10,5,360.0,80.77,0.411,42,50,0,8,0.8400,0.1600,OK
2026-08-20 10:05:00,0010VDE31400,반대 방향,E,406.50,403.30,0010CZE470,서울TG-판교IC,3.640,50,10,5,339.0,67.21,0.971,48,50,0,2,0.9600,0.0400,OK
2026-08-20 10:10:00,0010VDE31400,반대 방향,E,406.50,403.30,0010CZE470,서울TG-판교IC,3.640,50,10,5,327.0,57.08,1.836,45,50,0,5,0.9000,0.1000,OK
2026-08-20 10:15:00,0010VDE31400,반대 방향,E,406.50,403.30,0010CZE470,서울TG-판교IC,3.640,50,10,5,280.0,60.37,1.848,44,50,0,6,0.8800,0.1200,OK
2026-08-20 10:20:00,0010VDE31400,반대 방향,E,406.50,403.30,0010CZE470,서울TG-판교IC,3.640,50,10,5,275.0,55.19,2.349,41,50,0,9,0.8200,0.1800,OK
2026-08-20 10:25:00,0010VDE31400,반대 방향,E,406.50,403.30,0010CZE470,서울TG-판교IC,3.640,50,10,5,277.0,57.93,2.348,46,50,0,4,0.9200,0.0800,OK
2026-08-20 10:30:00,0010VDE31400,반대 방향,E,406.50,403.30,0010CZE470,서울TG-판교IC,3.640,50,10,5,288.0,53.85,2.474,45,50,0,5,0.9000,0.1000,OK
2026-08-20 10:35:00,0010VDE31400,반대 방향,E,406.50,403.30,0010CZE470,서울TG-판교IC,3.640,50,10,5,268.0,60.16,2.440,47,50,0,3,0.9400,0.0600,OK
2026-08-20 10:40:00,0010VDE31400,반대 방향,E,406.50,403.30,0010CZE470,서울TG-판교IC,3.640,50,10,5,244.0,62.91,1.741,44,50,0,6,0.8800,0.1200,OK
2026-08-20 10:45:00,0010VDE31400,반대 방향,E,406.50,403.30,0010CZE470,서울TG-판교IC,3.640,50,10,5,265.0,60.01,1.943,48,50,0,2,0.9600,0.0400,OK
2026-08-20 10:50:00,0010VDE31400,반대 방향,E,406.50,403.30,0010CZE470,서울TG-판교IC,3.640,50,10,5,250.0,75.14,0.648,47,50,0,3,0.9400,0.0600,OK
2026-08-20 10:55:00,0010VDE31400,반대 방향,E,406.50,403.30,0010CZE470,서울TG-판교IC,3.640,50,10,5,253.0,90.17,0.450,47,50,0,3,0.9400,0.0600,OK
2026-08-20 11:00:00,0010VDE31400,반대 방향,E,406.50,403.30,0010CZE470,서울TG-판교IC,3.640,50,10,5,252.0,90.80,0.436,45,50,0,5,0.9000,0.1000,OK
2026-08-20 11:05:00,0010VDE31400,반대 방향,E,406.50,403.30,0010CZE470,서울TG-판교IC,3.640,50,10,5,261.0,91.16,0.476,49,50,0,1,0.9800,0.0200,OK
2026-08-20 11:10:00,0010VDE31400,반대 방향,E,406.50,403.30,0010CZE470,서울TG-판교IC,3.640,50,10,5,233.0,89.64,0.489,49,50,0,1,0.9800,0.0200,OK
2026-08-20 11:15:00,0010VDE31400,반대 방향,E,406.50,403.30,0010CZE470,서울TG-판교IC,3.640,50,10,5,330.0,90.15,0.471,49,50,0,1,0.9800,0.0200,OK
2026-08-20 11:20:00,0010VDE31400,반대 방향,E,406.50,403.30,0010CZE470,서울TG-판교IC,3.640,50,10,5,307.0,90.31,0.459,48,50,0,2,0.9600,0.0400,OK
2026-08-20 11:25:00,0010VDE31400,반대 방향,E,406.50,403.30,0010CZE470,서울TG-판교IC,3.640,50,10,5,304.0,89.97,0.485,49,50,0,1,0.9800,0.0200,OK
2026-08-20 11:30:00,0010VDE31400,반대 방향,E,406.50,403.30,0010CZE470,서울TG-판교IC,3.640,50,10,5,329.0,89.02,0.479,48,50,0,2,0.9600,0.0400,OK
2026-08-20 11:35:00,0010VDE31400,반대 방향,E,406.50,403.30,0010CZE470,서울TG-판교IC,3.640,50,10,5,289.0,87.20,0.491,49,50,0,1,0.9800,0.0200,OK
2026-08-20 11:40:00,0010VDE31400,반대 방향,E,406.50,403.30,0010CZE470,서울TG-판교IC,3.640,50,10,5,334.0,86.95,0.514,49,50,0,1,0.9800,0.0200,OK
2026-08-20 11:45:00,0010VDE31400,반대 방향,E,406.50,403.30,0010CZE470,서울TG-판교IC,3.640,50,10,5,290.0,92.70,0.465,48,50,0,2,0.9600,0.0400,OK
2026-08-20 11:50:00,0010VDE31400,반대 방향,E,406.50,403.30,0010CZE470,서울TG-판교IC,3.640,50,10,5,322.0,82.80,0.496,49,50,0,1,0.9800,0.0200,OK
2026-08-20 11:55:00,0010VDE31400,반대 방향,E,406.50,403.30,0010CZE470,서울TG-판교IC,3.640,50,10,5,301.0,84.53,0.507,48,50,0,2,0.9600,0.0400,OK
2026-08-20 12:00:00,0010VDE31400,반대 방향,E,406.50,403.30,0010CZE470,서울TG-판교IC,3.640,50,10,5,322.0,87.26,0.499,49,50,0,1,0.9800,0.0200,OK
2026-08-20 12:05:00,0010VDE31400,반대 방향,E,406.50,403.30,0010CZE470,서울TG-판교IC,3.640,50,10,5,347.0,82.94,0.542,49,50,0,1,0.9800,0.0200,OK
2026-08-20 12:10:00,0010VDE31400,반대 방향,E,406.50,403.30,0010CZE470,서울TG-판교IC,3.640,50,10,5,287.0,81.67,0.497,48,50,0,2,0.9600,0.0400,OK
2026-08-20 12:15:00,0010VDE31400,반대 방향,E,406.50,403.30,0010CZE470,서울TG-판교IC,3.640,50,10,5,372.0,80.48,0.522,48,50,0,2,0.9600,0.0400,OK
2026-08-20 12:20:00,0010VDE31400,반대 방향,E,406.50,403.30,0010CZE470,서울TG-판교IC,3.640,50,10,5,341.0,81.14,0.537,50,50,0,0,1.0000,0.0000,OK
2026-08-20 12:25:00,0010VDE31400,반대 방향,E,406.50,403.30,0010CZE470,서울TG-판교IC,3.640,50,10,5,340.0,84.18,0.535,48,50,0,2,0.9600,0.0400,OK
2026-08-20 12:30:00,0010VDE31400,반대 방향,E,406.50,403.30,0010CZE470,서울TG-판교IC,3.640,50,10,5,371.0,83.77,0.508,49,50,0,1,0.9800,0.0200,OK
2026-08-20 12:35:00,0010VDE31400,반대 방향,E,406.50,403.30,0010CZE470,서울TG-판교IC,3.640,50,10,5,329.0,83.31,0.471,47,50,0,3,0.9400,0.0600,OK
2026-08-20 12:40:00,0010VDE31400,반대 방향,E,406.50,403.30,0010CZE470,서울TG-판교IC,3.640,50,10,5,347.0,82.47,0.535,50,50,0,0,1.0000,0.0000,OK
2026-08-20 12:45:00,0010VDE31400,반대 방향,E,406.50,403.30,0010CZE470,서울TG-판교IC,3.640,50,10,5,358.0,71.61,0.623,48,50,0,2,0.9600,0.0400,OK
2026-08-20 12:50:00,0010VDE31400,반대 방향,E,406.50,403.30,0010CZE470,서울TG-판교IC,3.640,50,10,5,323.0,81.83,0.541,48,50,0,2,0.9600,0.0400,OK
2026-08-20 12:55:00,0010VDE31400,반대 방향,E,406.50,403.30,0010CZE470,서울TG-판교IC,3.640,50,10,5,379.0,82.89,0.542,50,50,0,0,1.0000,0.0000,OK
2026-08-20 13:00:00,0010VDE31400,반대 방향,E,406.50,403.30,0010CZE470,서울TG-판교IC,3.640,50,10,5,353.0,83.63,0.485,49,50,0,1,0.9800,0.0200,OK
2026-08-20 13:05:00,0010VDE31400,반대 방향,E,406.50,403.30,0010CZE470,서울TG-판교IC,3.640,50,10,5,353.0,80.48,0.497,47,50,0,3,0.9400,0.0600,OK
2026-08-20 13:10:00,0010VDE31400,반대 방향,E,406.50,403.30,0010CZE470,서울TG-판교IC,3.640,50,10,5,369.0,79.92,0.508,47,50,0,3,0.9400,0.0600,OK
2026-08-20 13:15:00,0010VDE31400,반대 방향,E,406.50,403.30,0010CZE470,서울TG-판교IC,3.640,50,10,5,395.0,77.88,0.550,48,50,0,2,0.9600,0.0400,OK
2026-08-20 13:20:00,0010VDE31400,반대 방향,E,406.50,403.30,0010CZE470,서울TG-판교IC,3.640,50,10,5,372.0,78.26,0.553,49,50,0,1,0.9800,0.0200,OK
2026-08-20 13:25:00,0010VDE31400,반대 방향,E,406.50,403.30,0010CZE470,서울TG-판교IC,3.640,50,10,5,374.0,79.95,0.535,49,50,0,1,0.9800,0.0200,OK
2026-08-20 13:30:00,0010VDE31400,반대 방향,E,406.50,403.30,0010CZE470,서울TG-판교IC,3.640,50,10,5,386.0,78.38,0.506,47,50,0,3,0.9400,0.0600,OK
2026-08-20 13:35:00,0010VDE31400,반대 방향,E,406.50,403.30,0010CZE470,서울TG-판교IC,3.640,50,10,5,406.0,69.08,0.665,48,50,0,2,0.9600,0.0400,OK
2026-08-20 13:40:00,0010VDE31400,반대 방향,E,406.50,403.30,0010CZE470,서울TG-판교IC,3.640,50,10,5,372.0,63.92,0.964,48,50,0,2,0.9600,0.0400,OK
2026-08-20 13:45:00,0010VDE31400,반대 방향,E,406.50,403.30,0010CZE470,서울TG-판교IC,3.640,50,10,5,387.0,72.72,0.590,48,50,0,2,0.9600,0.0400,OK
2026-08-20 13:50:00,0010VDE31400,반대 방향,E,406.50,403.30,0010CZE470,서울TG-판교IC,3.640,50,10,5,344.0,85.28,0.477,48,50,0,2,0.9600,0.0400,OK
2026-08-20 13:55:00,0010VDE31400,반대 방향,E,406.50,403.30,0010CZE470,서울TG-판교IC,3.640,50,10,5,329.0,85.31,0.461,48,50,0,2,0.9600,0.0400,OK
2026-08-20 14:00:00,0010VDE31400,반대 방향,E,406.50,403.30,0010CZE470,서울TG-판교IC,3.640,50,10,5,301.0,83.68,0.440,45,50,0,5,0.9000,0.1000,OK
2026-08-20 14:05:00,0010VDE31400,반대 방향,E,406.50,403.30,0010CZE470,서울TG-판교IC,3.640,50,10,5,344.0,87.01,0.474,47,50,0,3,0.9400,0.0600,OK
2026-08-20 14:10:00,0010VDE31400,반대 방향,E,406.50,403.30,0010CZE470,서울TG-판교IC,3.640,50,10,5,313.0,80.33,0.506,47,50,0,3,0.9400,0.0600,OK
2026-08-20 14:15:00,0010VDE31400,반대 방향,E,406.50,403.30,0010CZE470,서울TG-판교IC,3.640,50,10,5,347.0,75.49,0.669,48,50,0,2,0.9600,0.0400,OK
2026-08-20 14:20:00,0010VDE31400,반대 방향,E,406.50,403.30,0010CZE470,서울TG-판교IC,3.640,50,10,5,360.0,81.30,0.514,49,50,0,1,0.9800,0.0200,OK
2026-08-20 14:25:00,0010VDE31400,반대 방향,E,406.50,403.30,0010CZE470,서울TG-판교IC,3.640,50,10,5,313.0,87.76,0.485,49,50,0,1,0.9800,0.0200,OK
2026-08-20 14:30:00,0010VDE31400,반대 방향,E,406.50,403.30,0010CZE470,서울TG-판교IC,3.640,50,10,5,368.0,83.75,0.524,50,50,0,0,1.0000,0.0000,OK
2026-08-20 14:35:00,0010VDE31400,반대 방향,E,406.50,403.30,0010CZE470,서울TG-판교IC,3.640,50,10,5,336.0,87.49,0.458,49,50,0,1,0.9800,0.0200,OK
2026-08-20 14:40:00,0010VDE31400,반대 방향,E,406.50,403.30,0010CZE470,서울TG-판교IC,3.640,50,10,5,284.0,90.85,0.469,49,50,0,1,0.9800,0.0200,OK
2026-08-20 14:45:00,0010VDE31400,반대 방향,E,406.50,403.30,0010CZE470,서울TG-판교IC,3.640,50,10,5,346.0,88.58,0.461,48,50,0,2,0.9600,0.0400,OK
2026-08-20 14:50:00,0010VDE31400,반대 방향,E,406.50,403.30,0010CZE470,서울TG-판교IC,3.640,50,10,5,338.0,88.44,0.469,48,50,0,2,0.9600,0.0400,OK
2026-08-20 14:55:00,0010VDE31400,반대 방향,E,406.50,403.30,0010CZE470,서울TG-판교IC,3.640,50,10,5,273.0,89.52,0.472,45,45,5,0,0.9000,0.0000,ERROR_VALUE
2026-08-20 15:00:00,0010VDE31400,반대 방향,E,406.50,403.30,0010CZE470,서울TG-판교IC,3.640,50,10,5,336.0,86.20,0.469,48,50,0,2,0.9600,0.0400,OK
2026-08-20 15:05:00,0010VDE31400,반대 방향,E,406.50,403.30,0010CZE470,서울TG-판교IC,3.640,50,10,5,354.0,82.80,0.519,50,50,0,0,1.0000,0.0000,OK
2026-08-20 15:10:00,0010VDE31400,반대 방향,E,406.50,403.30,0010CZE470,서울TG-판교IC,3.640,50,10,5,333.0,73.98,0.568,48,50,0,2,0.9600,0.0400,OK
2026-08-20 15:15:00,0010VDE31400,반대 방향,E,406.50,403.30,0010CZE470,서울TG-판교IC,3.640,50,10,5,381.0,74.41,0.645,48,50,0,2,0.9600,0.0400,OK
2026-08-20 15:20:00,0010VDE31400,반대 방향,E,406.50,403.30,0010CZE470,서울TG-판교IC,3.640,50,10,5,388.0,72.26,0.724,49,50,0,1,0.9800,0.0200,OK
2026-08-20 15:25:00,0010VDE31400,반대 방향,E,406.50,403.30,0010CZE470,서울TG-판교IC,3.640,50,10,5,342.0,63.88,1.131,49,50,0,1,0.9800,0.0200,OK
2026-08-20 15:30:00,0010VDE31400,반대 방향,E,406.50,403.30,0010CZE470,서울TG-판교IC,3.640,50,10,5,337.0,66.60,1.353,49,50,0,1,0.9800,0.0200,OK
2026-08-20 15:35:00,0010VDE31400,반대 방향,E,406.50,403.30,0010CZE470,서울TG-판교IC,3.640,50,10,5,362.0,57.00,1.677,48,50,0,2,0.9600,0.0400,OK
2026-08-20 15:40:00,0010VDE31400,반대 방향,E,406.50,403.30,0010CZE470,서울TG-판교IC,3.640,50,10,5,365.0,52.67,1.439,48,50,0,2,0.9600,0.0400,OK
2026-08-20 15:45:00,0010VDE31400,반대 방향,E,406.50,403.30,0010CZE470,서울TG-판교IC,3.640,50,10,5,334.0,56.39,1.727,47,50,0,3,0.9400,0.0600,OK
2026-08-20 15:50:00,0010VDE31400,반대 방향,E,406.50,403.30,0010CZE470,서울TG-판교IC,3.640,50,10,5,311.0,52.80,2.084,45,50,0,5,0.9000,0.1000,OK
2026-08-20 15:55:00,0010VDE31400,반대 방향,E,406.50,403.30,0010CZE470,서울TG-판교IC,3.640,50,10,5,327.0,50.36,1.743,47,50,0,3,0.9400,0.0600,OK
2026-08-20 16:00:00,0010VDE31400,반대 방향,E,406.50,403.30,0010CZE470,서울TG-판교IC,3.640,50,10,5,326.0,51.38,1.901,44,50,0,6,0.8800,0.1200,OK
2026-08-20 16:05:00,0010VDE31400,반대 방향,E,406.50,403.30,0010CZE470,서울TG-판교IC,3.640,50,10,5,317.0,43.26,2.721,48,50,0,2,0.9600,0.0400,OK
2026-08-20 16:10:00,0010VDE31400,반대 방향,E,406.50,403.30,0010CZE470,서울TG-판교IC,3.640,50,10,5,320.0,48.02,2.320,46,50,0,4,0.9200,0.0800,OK
2026-08-20 16:15:00,0010VDE31400,반대 방향,E,406.50,403.30,0010CZE470,서울TG-판교IC,3.640,50,10,5,359.0,54.50,1.601,47,50,0,3,0.9400,0.0600,OK
2026-08-20 16:20:00,0010VDE31400,반대 방향,E,406.50,403.30,0010CZE470,서울TG-판교IC,3.640,50,10,5,408.0,52.92,1.737,46,50,0,4,0.9200,0.0800,OK
2026-08-20 16:25:00,0010VDE31400,반대 방향,E,406.50,403.30,0010CZE470,서울TG-판교IC,3.640,50,10,5,377.0,50.50,1.797,50,50,0,0,1.0000,0.0000,OK
2026-08-20 16:30:00,0010VDE31400,반대 방향,E,406.50,403.30,0010CZE470,서울TG-판교IC,3.640,50,10,5,410.0,56.57,1.517,46,50,0,4,0.9200,0.0800,OK
2026-08-20 16:35:00,0010VDE31400,반대 방향,E,406.50,403.30,0010CZE470,서울TG-판교IC,3.640,50,10,5,365.0,67.95,1.530,46,50,0,4,0.9200,0.0800,OK
2026-08-20 16:40:00,0010VDE31400,반대 방향,E,406.50,403.30,0010CZE470,서울TG-판교IC,3.640,50,10,5,343.0,75.51,0.961,50,50,0,0,1.0000,0.0000,OK
2026-08-20 16:45:00,0010VDE31400,반대 방향,E,406.50,403.30,0010CZE470,서울TG-판교IC,3.640,50,10,5,334.0,95.30,0.404,47,50,0,3,0.9400,0.0600,OK
2026-08-20 16:50:00,0010VDE31400,반대 방향,E,406.50,403.30,0010CZE470,서울TG-판교IC,3.640,50,10,5,286.0,95.66,0.445,50,50,0,0,1.0000,0.0000,OK
2026-08-20 16:55:00,0010VDE31400,반대 방향,E,406.50,403.30,0010CZE470,서울TG-판교IC,3.640,50,10,5,408.0,88.65,0.504,50,50,0,0,1.0000,0.0000,OK
2026-08-20 17:00:00,0010VDE31400,반대 방향,E,406.50,403.30,0010CZE470,서울TG-판교IC,3.640,50,10,5,305.0,95.24,0.382,43,50,0,7,0.8600,0.1400,OK
2026-08-20 17:05:00,0010VDE31400,반대 방향,E,406.50,403.30,0010CZE470,서울TG-판교IC,3.640,50,10,5,340.0,92.69,0.429,48,50,0,2,0.9600,0.0400,OK
2026-08-20 17:10:00,0010VDE31400,반대 방향,E,406.50,403.30,0010CZE470,서울TG-판교IC,3.640,50,10,5,365.0,89.64,0.483,49,50,0,1,0.9800,0.0200,OK
2026-08-20 17:15:00,0010VDE31400,반대 방향,E,406.50,403.30,0010CZE470,서울TG-판교IC,3.640,50,10,5,375.0,87.71,0.468,49,50,0,1,0.9800,0.0200,OK
2026-08-20 17:20:00,0010VDE31400,반대 방향,E,406.50,403.30,0010CZE470,서울TG-판교IC,3.640,50,10,5,375.0,87.06,0.475,49,50,0,1,0.9800,0.0200,OK
2026-08-20 17:25:00,0010VDE31400,반대 방향,E,406.50,403.30,0010CZE470,서울TG-판교IC,3.640,50,10,5,405.0,86.31,0.451,47,50,0,3,0.9400,0.0600,OK
2026-08-20 17:30:00,0010VDE31400,반대 방향,E,406.50,403.30,0010CZE470,서울TG-판교IC,3.640,50,10,5,401.0,80.87,0.594,50,50,0,0,1.0000,0.0000,OK
2026-08-20 17:35:00,0010VDE31400,반대 방향,E,406.50,403.30,0010CZE470,서울TG-판교IC,3.640,50,10,5,389.0,67.57,1.167,47,50,0,3,0.9400,0.0600,OK
2026-08-20 17:40:00,0010VDE31400,반대 방향,E,406.50,403.30,0010CZE470,서울TG-판교IC,3.640,50,10,5,399.0,64.77,1.381,48,50,0,2,0.9600,0.0400,OK
2026-08-20 17:45:00,0010VDE31400,반대 방향,E,406.50,403.30,0010CZE470,서울TG-판교IC,3.640,50,10,5,363.0,65.45,1.907,48,50,0,2,0.9600,0.0400,OK
2026-08-20 17:50:00,0010VDE31400,반대 방향,E,406.50,403.30,0010CZE470,서울TG-판교IC,3.640,50,10,5,357.0,58.79,1.368,45,50,0,5,0.9000,0.1000,OK
2026-08-20 17:55:00,0010VDE31400,반대 방향,E,406.50,403.30,0010CZE470,서울TG-판교IC,3.640,50,10,5,380.0,53.85,1.473,47,50,0,3,0.9400,0.0600,OK
2026-08-20 18:00:00,0010VDE31400,반대 방향,E,406.50,403.30,0010CZE470,서울TG-판교IC,3.640,50,10,5,337.0,49.77,2.305,43,50,0,7,0.8600,0.1400,OK
2026-08-20 18:05:00,0010VDE31400,반대 방향,E,406.50,403.30,0010CZE470,서울TG-판교IC,3.640,50,10,5,307.0,41.82,2.565,39,50,0,11,0.7800,0.2200,OK
2026-08-20 18:10:00,0010VDE31400,반대 방향,E,406.50,403.30,0010CZE470,서울TG-판교IC,3.640,50,10,5,332.0,45.77,2.492,42,50,0,8,0.8400,0.1600,OK
2026-08-20 18:15:00,0010VDE31400,반대 방향,E,406.50,403.30,0010CZE470,서울TG-판교IC,3.640,50,10,5,321.0,52.38,2.744,42,50,0,8,0.8400,0.1600,OK
2026-08-20 18:20:00,0010VDE31400,반대 방향,E,406.50,403.30,0010CZE470,서울TG-판교IC,3.640,50,10,5,344.0,50.13,1.671,44,50,0,6,0.8800,0.1200,OK
2026-08-20 18:25:00,0010VDE31400,반대 방향,E,406.50,403.30,0010CZE470,서울TG-판교IC,3.640,50,10,5,344.0,48.27,2.946,48,50,0,2,0.9600,0.0400,OK
2026-08-20 18:30:00,0010VDE31400,반대 방향,E,406.50,403.30,0010CZE470,서울TG-판교IC,3.640,50,10,5,307.0,42.80,3.123,44,50,0,6,0.8800,0.1200,OK
2026-08-20 18:35:00,0010VDE31400,반대 방향,E,406.50,403.30,0010CZE470,서울TG-판교IC,3.640,50,10,5,369.0,41.75,2.678,48,50,0,2,0.9600,0.0400,OK
2026-08-20 18:40:00,0010VDE31400,반대 방향,E,406.50,403.30,0010CZE470,서울TG-판교IC,3.640,50,10,5,366.0,37.27,1.534,44,50,0,6,0.8800,0.1200,OK
2026-08-20 18:45:00,0010VDE31400,반대 방향,E,406.50,403.30,0010CZE470,서울TG-판교IC,3.640,50,10,5,365.0,42.67,2.049,45,50,0,5,0.9000,0.1000,OK
2026-08-20 18:50:00,0010VDE31400,반대 방향,E,406.50,403.30,0010CZE470,서울TG-판교IC,3.640,50,10,5,372.0,45.10,2.460,48,50,0,2,0.9600,0.0400,OK
2026-08-20 18:55:00,0010VDE31400,반대 방향,E,406.50,403.30,0010CZE470,서울TG-판교IC,3.640,50,10,5,371.0,50.06,2.365,47,50,0,3,0.9400,0.0600,OK
2026-08-20 19:00:00,0010VDE31400,반대 방향,E,406.50,403.30,0010CZE470,서울TG-판교IC,3.640,50,10,5,331.0,47.77,1.816,44,50,0,6,0.8800,0.1200,OK
2026-08-20 19:05:00,0010VDE31400,반대 방향,E,406.50,403.30,0010CZE470,서울TG-판교IC,3.640,50,10,5,317.0,43.85,2.245,50,50,0,0,1.0000,0.0000,OK
2026-08-20 19:10:00,0010VDE31400,반대 방향,E,406.50,403.30,0010CZE470,서울TG-판교IC,3.640,50,10,5,413.0,56.26,1.897,49,50,0,1,0.9800,0.0200,OK
2026-08-20 19:15:00,0010VDE31400,반대 방향,E,406.50,403.30,0010CZE470,서울TG-판교IC,3.640,50,10,5,366.0,67.84,1.489,50,50,0,0,1.0000,0.0000,OK
2026-08-20 19:20:00,0010VDE31400,반대 방향,E,406.50,403.30,0010CZE470,서울TG-판교IC,3.640,50,10,5,341.0,66.80,1.361,50,50,0,0,1.0000,0.0000,OK
2026-08-20 19:25:00,0010VDE31400,반대 방향,E,406.50,403.30,0010CZE470,서울TG-판교IC,3.640,50,10,5,330.0,59.36,1.373,44,50,0,6,0.8800,0.1200,OK
2026-08-20 19:30:00,0010VDE31400,반대 방향,E,406.50,403.30,0010CZE470,서울TG-판교IC,3.640,50,10,5,355.0,61.18,1.007,44,45,5,1,0.8800,0.0200,ERROR_VALUE
2026-08-20 19:35:00,0010VDE31400,반대 방향,E,406.50,403.30,0010CZE470,서울TG-판교IC,3.640,50,10,5,381.0,61.75,0.930,50,50,0,0,1.0000,0.0000,OK
2026-08-20 19:40:00,0010VDE31400,반대 방향,E,406.50,403.30,0010CZE470,서울TG-판교IC,3.640,50,10,5,363.0,60.34,1.852,50,50,0,0,1.0000,0.0000,OK
2026-08-20 19:45:00,0010VDE31400,반대 방향,E,406.50,403.30,0010CZE470,서울TG-판교IC,3.640,50,10,5,349.0,59.76,1.371,48,50,0,2,0.9600,0.0400,OK
2026-08-20 19:50:00,0010VDE31400,반대 방향,E,406.50,403.30,0010CZE470,서울TG-판교IC,3.640,50,10,5,382.0,61.95,1.024,49,50,0,1,0.9800,0.0200,OK
2026-08-20 19:55:00,0010VDE31400,반대 방향,E,406.50,403.30,0010CZE470,서울TG-판교IC,3.640,50,10,5,383.0,67.85,0.721,48,50,0,2,0.9600,0.0400,OK
2026-08-20 20:00:00,0010VDE31400,반대 방향,E,406.50,403.30,0010CZE470,서울TG-판교IC,3.640,50,10,5,396.0,56.89,1.285,50,50,0,0,1.0000,0.0000,OK
2026-08-20 20:05:00,0010VDE31400,반대 방향,E,406.50,403.30,0010CZE470,서울TG-판교IC,3.640,50,10,5,407.0,62.70,0.828,49,50,0,1,0.9800,0.0200,OK
2026-08-20 20:10:00,0010VDE31400,반대 방향,E,406.50,403.30,0010CZE470,서울TG-판교IC,3.640,50,10,5,382.0,70.92,0.592,49,50,0,1,0.9800,0.0200,OK
2026-08-20 20:15:00,0010VDE31400,반대 방향,E,406.50,403.30,0010CZE470,서울TG-판교IC,3.640,50,10,5,313.0,83.31,0.513,48,50,0,2,0.9600,0.0400,OK
2026-08-20 20:20:00,0010VDE31400,반대 방향,E,406.50,403.30,0010CZE470,서울TG-판교IC,3.640,50,10,5,343.0,84.37,0.495,48,50,0,2,0.9600,0.0400,OK
2026-08-20 20:25:00,0010VDE31400,반대 방향,E,406.50,403.30,0010CZE470,서울TG-판교IC,3.640,50,10,5,354.0,82.80,0.490,48,50,0,2,0.9600,0.0400,OK
2026-08-20 20:30:00,0010VDE31400,반대 방향,E,406.50,403.30,0010CZE470,서울TG-판교IC,3.640,50,10,5,407.0,80.24,0.499,47,50,0,3,0.9400,0.0600,OK
2026-08-20 20:35:00,0010VDE31400,반대 방향,E,406.50,403.30,0010CZE470,서울TG-판교IC,3.640,50,10,5,366.0,82.77,0.544,50,50,0,0,1.0000,0.0000,OK
2026-08-20 20:40:00,0010VDE31400,반대 방향,E,406.50,403.30,0010CZE470,서울TG-판교IC,3.640,50,10,5,350.0,82.34,0.509,48,50,0,2,0.9600,0.0400,OK
2026-08-20 20:45:00,0010VDE31400,반대 방향,E,406.50,403.30,0010CZE470,서울TG-판교IC,3.640,50,10,5,364.0,85.10,0.525,50,50,0,0,1.0000,0.0000,OK
2026-08-20 20:50:00,0010VDE31400,반대 방향,E,406.50,403.30,0010CZE470,서울TG-판교IC,3.640,50,10,5,365.0,87.07,0.479,49,50,0,1,0.9800,0.0200,OK
2026-08-20 20:55:00,0010VDE31400,반대 방향,E,406.50,403.30,0010CZE470,서울TG-판교IC,3.640,50,10,5,337.0,84.52,0.487,47,50,0,3,0.9400,0.0600,OK
2026-08-20 21:00:00,0010VDE31400,반대 방향,E,406.50,403.30,0010CZE470,서울TG-판교IC,3.640,50,10,5,331.0,92.36,0.396,45,50,0,5,0.9000,0.1000,OK
2026-08-20 21:05:00,0010VDE31400,반대 방향,E,406.50,403.30,0010CZE470,서울TG-판교IC,3.640,50,10,5,305.0,93.57,0.432,50,50,0,0,1.0000,0.0000,OK
2026-08-20 21:10:00,0010VDE31400,반대 방향,E,406.50,403.30,0010CZE470,서울TG-판교IC,3.640,50,10,5,373.0,89.44,0.461,50,50,0,0,1.0000,0.0000,OK
2026-08-20 21:15:00,0010VDE31400,반대 방향,E,406.50,403.30,0010CZE470,서울TG-판교IC,3.640,50,10,5,334.0,92.13,0.448,50,50,0,0,1.0000,0.0000,OK
2026-08-20 21:20:00,0010VDE31400,반대 방향,E,406.50,403.30,0010CZE470,서울TG-판교IC,3.640,50,10,5,296.0,91.46,0.424,50,50,0,0,1.0000,0.0000,OK
2026-08-20 21:25:00,0010VDE31400,반대 방향,E,406.50,403.30,0010CZE470,서울TG-판교IC,3.640,50,10,5,293.0,86.86,0.473,50,50,0,0,1.0000,0.0000,OK
2026-08-20 21:30:00,0010VDE31400,반대 방향,E,406.50,403.30,0010CZE470,서울TG-판교IC,3.640,50,10,5,413.0,84.90,0.495,50,50,0,0,1.0000,0.0000,OK
2026-08-20 21:35:00,0010VDE31400,반대 방향,E,406.50,403.30,0010CZE470,서울TG-판교IC,3.640,50,10,5,302.0,93.02,0.436,49,50,0,1,0.9800,0.0200,OK
2026-08-20 21:40:00,0010VDE31400,반대 방향,E,406.50,403.30,0010CZE470,서울TG-판교IC,3.640,50,10,5,347.0,90.96,0.478,50,50,0,0,1.0000,0.0000,OK
2026-08-20 21:45:00,0010VDE31400,반대 방향,E,406.50,403.30,0010CZE470,서울TG-판교IC,3.640,50,10,5,315.0,92.84,0.472,50,50,0,0,1.0000,0.0000,OK
2026-08-20 21:50:00,0010VDE31400,반대 방향,E,406.50,403.30,0010CZE470,서울TG-판교IC,3.640,50,10,5,321.0,93.04,0.452,50,50,0,0,1.0000,0.0000,OK
2026-08-20 21:55:00,0010VDE31400,반대 방향,E,406.50,403.30,0010CZE470,서울TG-판교IC,3.640,50,10,5,283.0,90.77,0.463,50,50,0,0,1.0000,0.0000,OK
2026-08-20 22:00:00,0010VDE31400,반대 방향,E,406.50,403.30,0010CZE470,서울TG-판교IC,3.640,50,10,5,322.0,92.52,0.447,50,50,0,0,1.0000,0.0000,OK
2026-08-20 22:05:00,0010VDE31400,반대 방향,E,406.50,403.30,0010CZE470,서울TG-판교IC,3.640,50,10,5,285.0,93.37,0.459,50,50,0,0,1.0000,0.0000,OK
2026-08-20 22:10:00,0010VDE31400,반대 방향,E,406.50,403.30,0010CZE470,서울TG-판교IC,3.640,50,10,5,273.0,97.38,0.464,50,50,0,0,1.0000,0.0000,OK
2026-08-20 22:15:00,0010VDE31400,반대 방향,E,406.50,403.30,0010CZE470,서울TG-판교IC,3.640,50,10,5,294.0,95.03,0.427,49,50,0,1,0.9800,0.0200,OK
2026-08-20 22:20:00,0010VDE31400,반대 방향,E,406.50,403.30,0010CZE470,서울TG-판교IC,3.640,50,10,5,278.0,92.37,0.444,49,50,0,1,0.9800,0.0200,OK
2026-08-20 22:25:00,0010VDE31400,반대 방향,E,406.50,403.30,0010CZE470,서울TG-판교IC,3.640,50,10,5,303.0,92.57,0.468,50,50,0,0,1.0000,0.0000,OK
2026-08-20 22:30:00,0010VDE31400,반대 방향,E,406.50,403.30,0010CZE470,서울TG-판교IC,3.640,50,10,5,261.0,93.70,0.445,48,50,0,2,0.9600,0.0400,OK
2026-08-20 22:35:00,0010VDE31400,반대 방향,E,406.50,403.30,0010CZE470,서울TG-판교IC,3.640,50,10,5,242.0,96.26,0.440,50,50,0,0,1.0000,0.0000,OK
2026-08-20 22:40:00,0010VDE31400,반대 방향,E,406.50,403.30,0010CZE470,서울TG-판교IC,3.640,50,10,5,275.0,96.38,0.426,49,50,0,1,0.9800,0.0200,OK
2026-08-20 22:45:00,0010VDE31400,반대 방향,E,406.50,403.30,0010CZE470,서울TG-판교IC,3.640,50,10,5,234.0,99.46,0.450,50,50,0,0,1.0000,0.0000,OK
2026-08-20 22:50:00,0010VDE31400,반대 방향,E,406.50,403.30,0010CZE470,서울TG-판교IC,3.640,50,10,5,253.0,95.99,0.456,50,50,0,0,1.0000,0.0000,OK
2026-08-20 22:55:00,0010VDE31400,반대 방향,E,406.50,403.30,0010CZE470,서울TG-판교IC,3.640,50,10,5,218.0,96.19,0.458,49,50,0,1,0.9800,0.0200,OK
2026-08-20 23:00:00,0010VDE31400,반대 방향,E,406.50,403.30,0010CZE470,서울TG-판교IC,3.640,50,10,5,192.0,93.24,0.410,45,50,0,5,0.9000,0.1000,OK
2026-08-20 23:05:00,0010VDE31400,반대 방향,E,406.50,403.30,0010CZE470,서울TG-판교IC,3.640,50,10,5,211.0,95.52,0.420,48,50,0,2,0.9600,0.0400,OK
2026-08-20 23:10:00,0010VDE31400,반대 방향,E,406.50,403.30,0010CZE470,서울TG-판교IC,3.640,50,10,5,219.0,92.65,0.465,45,45,5,0,0.9000,0.0000,ERROR_VALUE
2026-08-20 23:15:00,0010VDE31400,반대 방향,E,406.50,403.30,0010CZE470,서울TG-판교IC,3.640,50,10,5,215.0,95.96,0.435,50,50,0,0,1.0000,0.0000,OK
2026-08-20 23:20:00,0010VDE31400,반대 방향,E,406.50,403.30,0010CZE470,서울TG-판교IC,3.640,50,10,5,221.0,97.28,0.454,49,50,0,1,0.9800,0.0200,OK
2026-08-20 23:25:00,0010VDE31400,반대 방향,E,406.50,403.30,0010CZE470,서울TG-판교IC,3.640,50,10,5,201.0,98.22,0.437,49,50,0,1,0.9800,0.0200,OK
2026-08-20 23:30:00,0010VDE31400,반대 방향,E,406.50,403.30,0010CZE470,서울TG-판교IC,3.640,50,10,5,205.0,96.75,0.433,49,50,0,1,0.9800,0.0200,OK
2026-08-20 23:35:00,0010VDE31400,반대 방향,E,406.50,403.30,0010CZE470,서울TG-판교IC,3.640,50,10,5,234.0,100.56,0.419,50,50,0,0,1.0000,0.0000,OK
2026-08-20 23:40:00,0010VDE31400,반대 방향,E,406.50,403.30,0010CZE470,서울TG-판교IC,3.640,50,10,5,181.0,100.62,0.429,48,50,0,2,0.9600,0.0400,OK
2026-08-20 23:45:00,0010VDE31400,반대 방향,E,406.50,403.30,0010CZE470,서울TG-판교IC,3.640,50,10,5,180.0,98.38,0.434,50,50,0,0,1.0000,0.0000,OK
2026-08-20 23:50:00,0010VDE31400,반대 방향,E,406.50,403.30,0010CZE470,서울TG-판교IC,3.640,50,10,5,180.0,95.02,0.434,48,50,0,2,0.9600,0.0400,OK
2026-08-20 23:55:00,0010VDE31400,반대 방향,E,406.50,403.30,0010CZE470,서울TG-판교IC,3.640,50,10,5,159.0,99.36,0.434,50,50,0,0,1.0000,0.0000,OK
2026-08-20 00:00:00,0010VDS31400,서울 방향(주 대상),S,406.50,406.94,0010CZS470,판교IC-서울TG,3.640,50,10,5,93.0,101.32,0.397,43,50,0,7,0.8600,0.1400,OK
2026-08-20 00:05:00,0010VDS31400,서울 방향(주 대상),S,406.50,406.94,0010CZS470,판교IC-서울TG,3.640,50,10,5,99.0,101.80,0.365,39,50,0,11,0.7800,0.2200,OK
2026-08-20 00:10:00,0010VDS31400,서울 방향(주 대상),S,406.50,406.94,0010CZS470,판교IC-서울TG,3.640,50,10,5,113.0,100.54,0.368,38,50,0,12,0.7600,0.2400,OK
2026-08-20 00:15:00,0010VDS31400,서울 방향(주 대상),S,406.50,406.94,0010CZS470,판교IC-서울TG,3.640,50,10,5,110.0,100.03,0.435,44,50,0,6,0.8800,0.1200,OK
2026-08-20 00:20:00,0010VDS31400,서울 방향(주 대상),S,406.50,406.94,0010CZS470,판교IC-서울TG,3.640,50,10,5,102.0,98.87,0.388,43,50,0,7,0.8600,0.1400,OK
2026-08-20 00:25:00,0010VDS31400,서울 방향(주 대상),S,406.50,406.94,0010CZS470,판교IC-서울TG,3.640,50,10,5,99.0,100.18,0.357,39,50,0,11,0.7800,0.2200,OK
2026-08-20 00:30:00,0010VDS31400,서울 방향(주 대상),S,406.50,406.94,0010CZS470,판교IC-서울TG,3.640,50,10,5,91.0,100.15,0.376,39,50,0,11,0.7800,0.2200,OK
2026-08-20 00:35:00,0010VDS31400,서울 방향(주 대상),S,406.50,406.94,0010CZS470,판교IC-서울TG,3.640,50,10,5,95.0,99.95,0.360,39,50,0,11,0.7800,0.2200,OK
2026-08-20 00:40:00,0010VDS31400,서울 방향(주 대상),S,406.50,406.94,0010CZS470,판교IC-서울TG,3.640,50,10,5,72.0,99.33,0.294,33,50,0,17,0.6600,0.3400,OK
2026-08-20 00:45:00,0010VDS31400,서울 방향(주 대상),S,406.50,406.94,0010CZS470,판교IC-서울TG,3.640,50,10,5,90.0,99.67,0.388,40,50,0,10,0.8000,0.2000,OK
2026-08-20 00:50:00,0010VDS31400,서울 방향(주 대상),S,406.50,406.94,0010CZS470,판교IC-서울TG,3.640,50,10,5,74.0,95.97,0.327,37,50,0,13,0.7400,0.2600,OK
2026-08-20 00:55:00,0010VDS31400,서울 방향(주 대상),S,406.50,406.94,0010CZS470,판교IC-서울TG,3.640,50,10,5,73.0,100.36,0.316,36,50,0,14,0.7200,0.2800,OK
2026-08-20 01:00:00,0010VDS31400,서울 방향(주 대상),S,406.50,406.94,0010CZS470,판교IC-서울TG,3.640,50,10,5,57.0,98.91,0.309,33,50,0,17,0.6600,0.3400,OK
2026-08-20 01:05:00,0010VDS31400,서울 방향(주 대상),S,406.50,406.94,0010CZS470,판교IC-서울TG,3.640,50,10,5,71.0,101.25,0.312,36,50,0,14,0.7200,0.2800,OK
2026-08-20 01:10:00,0010VDS31400,서울 방향(주 대상),S,406.50,406.94,0010CZS470,판교IC-서울TG,3.640,50,10,5,70.0,104.39,0.272,33,50,0,17,0.6600,0.3400,OK
2026-08-20 01:15:00,0010VDS31400,서울 방향(주 대상),S,406.50,406.94,0010CZS470,판교IC-서울TG,3.640,50,10,5,59.0,98.41,0.350,35,50,0,15,0.7000,0.3000,OK
2026-08-20 01:20:00,0010VDS31400,서울 방향(주 대상),S,406.50,406.94,0010CZS470,판교IC-서울TG,3.640,50,10,5,63.0,95.16,0.368,35,50,0,15,0.7000,0.3000,OK
2026-08-20 01:25:00,0010VDS31400,서울 방향(주 대상),S,406.50,406.94,0010CZS470,판교IC-서울TG,3.640,50,10,5,58.0,98.03,0.289,32,50,0,18,0.6400,0.3600,OK
2026-08-20 01:30:00,0010VDS31400,서울 방향(주 대상),S,406.50,406.94,0010CZS470,판교IC-서울TG,3.640,50,10,5,75.0,100.33,0.315,35,50,0,15,0.7000,0.3000,OK
2026-08-20 01:35:00,0010VDS31400,서울 방향(주 대상),S,406.50,406.94,0010CZS470,판교IC-서울TG,3.640,50,10,5,65.0,97.28,0.363,39,50,0,11,0.7800,0.2200,OK
2026-08-20 01:40:00,0010VDS31400,서울 방향(주 대상),S,406.50,406.94,0010CZS470,판교IC-서울TG,3.640,50,10,5,59.0,100.59,0.326,33,50,0,17,0.6600,0.3400,OK
2026-08-20 01:45:00,0010VDS31400,서울 방향(주 대상),S,406.50,406.94,0010CZS470,판교IC-서울TG,3.640,50,10,5,57.0,94.79,0.316,32,50,0,18,0.6400,0.3600,OK
2026-08-20 01:50:00,0010VDS31400,서울 방향(주 대상),S,406.50,406.94,0010CZS470,판교IC-서울TG,3.640,50,10,5,58.0,99.71,0.252,30,50,0,20,0.6000,0.4000,OK
2026-08-20 01:55:00,0010VDS31400,서울 방향(주 대상),S,406.50,406.94,0010CZS470,판교IC-서울TG,3.640,50,10,5,50.0,95.88,0.312,31,50,0,19,0.6200,0.3800,OK
2026-08-20 02:00:00,0010VDS31400,서울 방향(주 대상),S,406.50,406.94,0010CZS470,판교IC-서울TG,3.640,50,10,5,52.0,97.88,0.287,31,50,0,19,0.6200,0.3800,OK
2026-08-20 02:05:00,0010VDS31400,서울 방향(주 대상),S,406.50,406.94,0010CZS470,판교IC-서울TG,3.640,50,10,5,50.0,95.48,0.329,32,50,0,18,0.6400,0.3600,OK
2026-08-20 02:10:00,0010VDS31400,서울 방향(주 대상),S,406.50,406.94,0010CZS470,판교IC-서울TG,3.640,50,10,5,49.0,92.41,0.268,25,50,0,25,0.5000,0.5000,OK
2026-08-20 02:15:00,0010VDS31400,서울 방향(주 대상),S,406.50,406.94,0010CZS470,판교IC-서울TG,3.640,50,10,5,51.0,92.12,0.359,32,50,0,18,0.6400,0.3600,OK
2026-08-20 02:20:00,0010VDS31400,서울 방향(주 대상),S,406.50,406.94,0010CZS470,판교IC-서울TG,3.640,50,10,5,66.0,97.36,0.320,35,50,0,15,0.7000,0.3000,OK
2026-08-20 02:25:00,0010VDS31400,서울 방향(주 대상),S,406.50,406.94,0010CZS470,판교IC-서울TG,3.640,50,10,5,48.0,96.69,0.239,27,50,0,23,0.5400,0.4600,OK
2026-08-20 02:30:00,0010VDS31400,서울 방향(주 대상),S,406.50,406.94,0010CZS470,판교IC-서울TG,3.640,50,10,5,53.0,100.45,0.277,30,50,0,20,0.6000,0.4000,OK
2026-08-20 02:35:00,0010VDS31400,서울 방향(주 대상),S,406.50,406.94,0010CZS470,판교IC-서울TG,3.640,50,10,5,45.0,98.69,0.258,28,50,0,22,0.5600,0.4400,OK
2026-08-20 02:40:00,0010VDS31400,서울 방향(주 대상),S,406.50,406.94,0010CZS470,판교IC-서울TG,3.640,50,10,5,45.0,90.24,0.287,28,50,0,22,0.5600,0.4400,OK
2026-08-20 02:45:00,0010VDS31400,서울 방향(주 대상),S,406.50,406.94,0010CZS470,판교IC-서울TG,3.640,50,10,5,56.0,99.66,0.244,29,50,0,21,0.5800,0.4200,OK
2026-08-20 02:50:00,0010VDS31400,서울 방향(주 대상),S,406.50,406.94,0010CZS470,판교IC-서울TG,3.640,50,10,5,46.0,96.46,0.268,29,50,0,21,0.5800,0.4200,OK
2026-08-20 02:55:00,0010VDS31400,서울 방향(주 대상),S,406.50,406.94,0010CZS470,판교IC-서울TG,3.640,50,10,5,44.0,99.16,0.271,29,50,0,21,0.5800,0.4200,OK
2026-08-20 03:00:00,0010VDS31400,서울 방향(주 대상),S,406.50,406.94,0010CZS470,판교IC-서울TG,3.640,50,10,5,46.0,95.98,0.250,25,50,0,25,0.5000,0.5000,OK
2026-08-20 03:05:00,0010VDS31400,서울 방향(주 대상),S,406.50,406.94,0010CZS470,판교IC-서울TG,3.640,50,10,5,57.0,97.63,0.257,29,50,0,21,0.5800,0.4200,OK
2026-08-20 03:10:00,0010VDS31400,서울 방향(주 대상),S,406.50,406.94,0010CZS470,판교IC-서울TG,3.640,50,10,5,53.0,95.09,0.306,31,50,0,19,0.6200,0.3800,OK
2026-08-20 03:15:00,0010VDS31400,서울 방향(주 대상),S,406.50,406.94,0010CZS470,판교IC-서울TG,3.640,50,10,5,51.0,96.02,0.306,34,50,0,16,0.6800,0.3200,OK
2026-08-20 03:20:00,0010VDS31400,서울 방향(주 대상),S,406.50,406.94,0010CZS470,판교IC-서울TG,3.640,50,10,5,68.0,95.94,0.363,38,50,0,12,0.7600,0.2400,OK
2026-08-20 03:25:00,0010VDS31400,서울 방향(주 대상),S,406.50,406.94,0010CZS470,판교IC-서울TG,3.640,50,10,5,54.0,95.24,0.308,30,50,0,20,0.6000,0.4000,OK
2026-08-20 03:30:00,0010VDS31400,서울 방향(주 대상),S,406.50,406.94,0010CZS470,판교IC-서울TG,3.640,50,10,5,61.0,91.67,0.405,38,50,0,12,0.7600,0.2400,OK
2026-08-20 03:35:00,0010VDS31400,서울 방향(주 대상),S,406.50,406.94,0010CZS470,판교IC-서울TG,3.640,50,10,5,56.0,93.38,0.388,36,50,0,14,0.7200,0.2800,OK
2026-08-20 03:40:00,0010VDS31400,서울 방향(주 대상),S,406.50,406.94,0010CZS470,판교IC-서울TG,3.640,50,10,5,63.0,100.51,0.320,30,50,0,20,0.6000,0.4000,OK
2026-08-20 03:45:00,0010VDS31400,서울 방향(주 대상),S,406.50,406.94,0010CZS470,판교IC-서울TG,3.640,50,10,5,72.0,95.25,0.354,38,50,0,12,0.7600,0.2400,OK
2026-08-20 03:50:00,0010VDS31400,서울 방향(주 대상),S,406.50,406.94,0010CZS470,판교IC-서울TG,3.640,50,10,5,62.0,96.40,0.315,32,50,0,18,0.6400,0.3600,OK
2026-08-20 03:55:00,0010VDS31400,서울 방향(주 대상),S,406.50,406.94,0010CZS470,판교IC-서울TG,3.640,50,10,5,66.0,95.88,0.359,36,50,0,14,0.7200,0.2800,OK
2026-08-20 04:00:00,0010VDS31400,서울 방향(주 대상),S,406.50,406.94,0010CZS470,판교IC-서울TG,3.640,50,10,5,75.0,96.64,0.368,38,50,0,12,0.7600,0.2400,OK
2026-08-20 04:05:00,0010VDS31400,서울 방향(주 대상),S,406.50,406.94,0010CZS470,판교IC-서울TG,3.640,50,10,5,64.0,95.83,0.323,34,50,0,16,0.6800,0.3200,OK
2026-08-20 04:10:00,0010VDS31400,서울 방향(주 대상),S,406.50,406.94,0010CZS470,판교IC-서울TG,3.640,50,10,5,72.0,96.76,0.350,37,50,0,13,0.7400,0.2600,OK
2026-08-20 04:15:00,0010VDS31400,서울 방향(주 대상),S,406.50,406.94,0010CZS470,판교IC-서울TG,3.640,50,10,5,72.0,92.83,0.367,39,50,0,11,0.7800,0.2200,OK
2026-08-20 04:20:00,0010VDS31400,서울 방향(주 대상),S,406.50,406.94,0010CZS470,판교IC-서울TG,3.640,50,10,5,85.0,93.62,0.341,37,50,0,13,0.7400,0.2600,OK
2026-08-20 04:25:00,0010VDS31400,서울 방향(주 대상),S,406.50,406.94,0010CZS470,판교IC-서울TG,3.640,50,10,5,113.0,94.69,0.412,43,50,0,7,0.8600,0.1400,OK
2026-08-20 04:30:00,0010VDS31400,서울 방향(주 대상),S,406.50,406.94,0010CZS470,판교IC-서울TG,3.640,50,10,5,73.0,96.78,0.317,34,50,0,16,0.6800,0.3200,OK
2026-08-20 04:35:00,0010VDS31400,서울 방향(주 대상),S,406.50,406.94,0010CZS470,판교IC-서울TG,3.640,50,10,5,111.0,96.30,0.440,45,50,0,5,0.9000,0.1000,OK
2026-08-20 04:40:00,0010VDS31400,서울 방향(주 대상),S,406.50,406.94,0010CZS470,판교IC-서울TG,3.640,50,10,5,113.0,95.74,0.387,41,50,0,9,0.8200,0.1800,OK
2026-08-20 04:45:00,0010VDS31400,서울 방향(주 대상),S,406.50,406.94,0010CZS470,판교IC-서울TG,3.640,50,10,5,138.0,96.84,0.399,43,50,0,7,0.8600,0.1400,OK
2026-08-20 04:50:00,0010VDS31400,서울 방향(주 대상),S,406.50,406.94,0010CZS470,판교IC-서울TG,3.640,50,10,5,158.0,94.81,0.443,46,50,0,4,0.9200,0.0800,OK
2026-08-20 04:55:00,0010VDS31400,서울 방향(주 대상),S,406.50,406.94,0010CZS470,판교IC-서울TG,3.640,50,10,5,165.0,92.13,0.433,44,50,0,6,0.8800,0.1200,OK
2026-08-20 05:00:00,0010VDS31400,서울 방향(주 대상),S,406.50,406.94,0010CZS470,판교IC-서울TG,3.640,50,10,5,135.0,95.16,0.473,43,50,0,7,0.8600,0.1400,OK
2026-08-20 05:05:00,0010VDS31400,서울 방향(주 대상),S,406.50,406.94,0010CZS470,판교IC-서울TG,3.640,50,10,5,197.0,93.50,0.463,46,50,0,4,0.9200,0.0800,OK
2026-08-20 05:10:00,0010VDS31400,서울 방향(주 대상),S,406.50,406.94,0010CZS470,판교IC-서울TG,3.640,50,10,5,207.0,92.91,0.443,46,50,0,4,0.9200,0.0800,OK
2026-08-20 05:15:00,0010VDS31400,서울 방향(주 대상),S,406.50,406.94,0010CZS470,판교IC-서울TG,3.640,50,10,5,207.0,96.12,0.507,49,50,0,1,0.9800,0.0200,OK
2026-08-20 05:20:00,0010VDS31400,서울 방향(주 대상),S,406.50,406.94,0010CZS470,판교IC-서울TG,3.640,50,10,5,217.0,94.52,0.481,48,50,0,2,0.9600,0.0400,OK
2026-08-20 05:25:00,0010VDS31400,서울 방향(주 대상),S,406.50,406.94,0010CZS470,판교IC-서울TG,3.640,50,10,5,262.0,95.58,0.475,48,50,0,2,0.9600,0.0400,OK
2026-08-20 05:30:00,0010VDS31400,서울 방향(주 대상),S,406.50,406.94,0010CZS470,판교IC-서울TG,3.640,50,10,5,259.0,91.30,0.476,49,50,0,1,0.9800,0.0200,OK
2026-08-20 05:35:00,0010VDS31400,서울 방향(주 대상),S,406.50,406.94,0010CZS470,판교IC-서울TG,3.640,50,10,5,250.0,91.96,0.473,47,50,0,3,0.9400,0.0600,OK
2026-08-20 05:40:00,0010VDS31400,서울 방향(주 대상),S,406.50,406.94,0010CZS470,판교IC-서울TG,3.640,50,10,5,268.0,93.45,0.440,46,50,0,4,0.9200,0.0800,OK
2026-08-20 05:45:00,0010VDS31400,서울 방향(주 대상),S,406.50,406.94,0010CZS470,판교IC-서울TG,3.640,50,10,5,246.0,91.56,0.426,44,50,0,6,0.8800,0.1200,OK
2026-08-20 05:50:00,0010VDS31400,서울 방향(주 대상),S,406.50,406.94,0010CZS470,판교IC-서울TG,3.640,50,10,5,269.0,94.96,0.436,47,50,0,3,0.9400,0.0600,OK
2026-08-20 05:55:00,0010VDS31400,서울 방향(주 대상),S,406.50,406.94,0010CZS470,판교IC-서울TG,3.640,50,10,5,284.0,95.74,0.440,48,50,0,2,0.9600,0.0400,OK
2026-08-20 06:00:00,0010VDS31400,서울 방향(주 대상),S,406.50,406.94,0010CZS470,판교IC-서울TG,3.640,50,10,5,276.0,94.88,0.456,48,50,0,2,0.9600,0.0400,OK
2026-08-20 06:05:00,0010VDS31400,서울 방향(주 대상),S,406.50,406.94,0010CZS470,판교IC-서울TG,3.640,50,10,5,296.0,92.77,0.416,44,50,0,6,0.8800,0.1200,OK
2026-08-20 06:10:00,0010VDS31400,서울 방향(주 대상),S,406.50,406.94,0010CZS470,판교IC-서울TG,3.640,50,10,5,300.0,95.36,0.504,49,50,0,1,0.9800,0.0200,OK
2026-08-20 06:15:00,0010VDS31400,서울 방향(주 대상),S,406.50,406.94,0010CZS470,판교IC-서울TG,3.640,50,10,5,277.0,96.50,0.431,49,50,0,1,0.9800,0.0200,OK
2026-08-20 06:20:00,0010VDS31400,서울 방향(주 대상),S,406.50,406.94,0010CZS470,판교IC-서울TG,3.640,50,10,5,272.0,94.75,0.418,45,50,0,5,0.9000,0.1000,OK
2026-08-20 06:25:00,0010VDS31400,서울 방향(주 대상),S,406.50,406.94,0010CZS470,판교IC-서울TG,3.640,50,10,5,300.0,96.88,0.439,46,50,0,4,0.9200,0.0800,OK
2026-08-20 06:30:00,0010VDS31400,서울 방향(주 대상),S,406.50,406.94,0010CZS470,판교IC-서울TG,3.640,50,10,5,295.0,94.86,0.454,48,50,0,2,0.9600,0.0400,OK
2026-08-20 06:35:00,0010VDS31400,서울 방향(주 대상),S,406.50,406.94,0010CZS470,판교IC-서울TG,3.640,50,10,5,273.0,93.77,0.430,45,50,0,5,0.9000,0.1000,OK
2026-08-20 06:40:00,0010VDS31400,서울 방향(주 대상),S,406.50,406.94,0010CZS470,판교IC-서울TG,3.640,50,10,5,259.0,93.31,0.412,44,50,0,6,0.8800,0.1200,OK
2026-08-20 06:45:00,0010VDS31400,서울 방향(주 대상),S,406.50,406.94,0010CZS470,판교IC-서울TG,3.640,50,10,5,234.0,94.61,0.446,48,50,0,2,0.9600,0.0400,OK
2026-08-20 06:50:00,0010VDS31400,서울 방향(주 대상),S,406.50,406.94,0010CZS470,판교IC-서울TG,3.640,50,10,5,298.0,96.34,0.461,47,50,0,3,0.9400,0.0600,OK
2026-08-20 06:55:00,0010VDS31400,서울 방향(주 대상),S,406.50,406.94,0010CZS470,판교IC-서울TG,3.640,50,10,5,297.0,93.73,0.456,48,50,0,2,0.9600,0.0400,OK
2026-08-20 07:00:00,0010VDS31400,서울 방향(주 대상),S,406.50,406.94,0010CZS470,판교IC-서울TG,3.640,50,10,5,283.0,88.50,0.457,44,50,0,6,0.8800,0.1200,OK
2026-08-20 07:05:00,0010VDS31400,서울 방향(주 대상),S,406.50,406.94,0010CZS470,판교IC-서울TG,3.640,50,10,5,262.0,93.57,0.461,47,50,0,3,0.9400,0.0600,OK
2026-08-20 07:10:00,0010VDS31400,서울 방향(주 대상),S,406.50,406.94,0010CZS470,판교IC-서울TG,3.640,50,10,5,257.0,93.17,0.460,46,50,0,4,0.9200,0.0800,OK
2026-08-20 07:15:00,0010VDS31400,서울 방향(주 대상),S,406.50,406.94,0010CZS470,판교IC-서울TG,3.640,50,10,5,259.0,99.00,0.422,46,50,0,4,0.9200,0.0800,OK
2026-08-20 07:20:00,0010VDS31400,서울 방향(주 대상),S,406.50,406.94,0010CZS470,판교IC-서울TG,3.640,50,10,5,227.0,95.81,0.431,46,50,0,4,0.9200,0.0800,OK
2026-08-20 07:25:00,0010VDS31400,서울 방향(주 대상),S,406.50,406.94,0010CZS470,판교IC-서울TG,3.640,50,10,5,259.0,90.08,0.490,48,50,0,2,0.9600,0.0400,OK
2026-08-20 07:30:00,0010VDS31400,서울 방향(주 대상),S,406.50,406.94,0010CZS470,판교IC-서울TG,3.640,50,10,5,230.0,94.37,0.456,48,50,0,2,0.9600,0.0400,OK
2026-08-20 07:35:00,0010VDS31400,서울 방향(주 대상),S,406.50,406.94,0010CZS470,판교IC-서울TG,3.640,50,10,5,228.0,95.38,0.431,45,50,0,5,0.9000,0.1000,OK
2026-08-20 07:40:00,0010VDS31400,서울 방향(주 대상),S,406.50,406.94,0010CZS470,판교IC-서울TG,3.640,50,10,5,209.0,95.33,0.430,44,50,0,6,0.8800,0.1200,OK
2026-08-20 07:45:00,0010VDS31400,서울 방향(주 대상),S,406.50,406.94,0010CZS470,판교IC-서울TG,3.640,50,10,5,222.0,95.33,0.456,45,50,0,5,0.9000,0.1000,OK
2026-08-20 07:50:00,0010VDS31400,서울 방향(주 대상),S,406.50,406.94,0010CZS470,판교IC-서울TG,3.640,50,10,5,216.0,94.33,0.451,47,50,0,3,0.9400,0.0600,OK
2026-08-20 07:55:00,0010VDS31400,서울 방향(주 대상),S,406.50,406.94,0010CZS470,판교IC-서울TG,3.640,50,10,5,221.0,97.43,0.461,46,50,0,4,0.9200,0.0800,OK
2026-08-20 08:00:00,0010VDS31400,서울 방향(주 대상),S,406.50,406.94,0010CZS470,판교IC-서울TG,3.640,50,10,5,210.0,98.90,0.361,41,50,0,9,0.8200,0.1800,OK
2026-08-20 08:05:00,0010VDS31400,서울 방향(주 대상),S,406.50,406.94,0010CZS470,판교IC-서울TG,3.640,50,10,5,250.0,94.57,0.467,49,50,0,1,0.9800,0.0200,OK
2026-08-20 08:10:00,0010VDS31400,서울 방향(주 대상),S,406.50,406.94,0010CZS470,판교IC-서울TG,3.640,50,10,5,236.0,95.09,0.449,47,50,0,3,0.9400,0.0600,OK
2026-08-20 08:15:00,0010VDS31400,서울 방향(주 대상),S,406.50,406.94,0010CZS470,판교IC-서울TG,3.640,50,10,5,247.0,95.66,0.459,48,50,0,2,0.9600,0.0400,OK
2026-08-20 08:20:00,0010VDS31400,서울 방향(주 대상),S,406.50,406.94,0010CZS470,판교IC-서울TG,3.640,50,10,5,255.0,94.73,0.435,46,50,0,4,0.9200,0.0800,OK
2026-08-20 08:25:00,0010VDS31400,서울 방향(주 대상),S,406.50,406.94,0010CZS470,판교IC-서울TG,3.640,50,10,5,266.0,96.70,0.426,47,50,0,3,0.9400,0.0600,OK
2026-08-20 08:30:00,0010VDS31400,서울 방향(주 대상),S,406.50,406.94,0010CZS470,판교IC-서울TG,3.640,50,10,5,219.0,92.45,0.437,46,50,0,4,0.9200,0.0800,OK
2026-08-20 08:35:00,0010VDS31400,서울 방향(주 대상),S,406.50,406.94,0010CZS470,판교IC-서울TG,3.640,50,10,5,241.0,96.35,0.449,47,50,0,3,0.9400,0.0600,OK
2026-08-20 08:40:00,0010VDS31400,서울 방향(주 대상),S,406.50,406.94,0010CZS470,판교IC-서울TG,3.640,50,10,5,238.0,95.34,0.427,45,50,0,5,0.9000,0.1000,OK
2026-08-20 08:45:00,0010VDS31400,서울 방향(주 대상),S,406.50,406.94,0010CZS470,판교IC-서울TG,3.640,50,10,5,221.0,96.09,0.469,49,50,0,1,0.9800,0.0200,OK
2026-08-20 08:50:00,0010VDS31400,서울 방향(주 대상),S,406.50,406.94,0010CZS470,판교IC-서울TG,3.640,50,10,5,269.0,94.45,0.433,46,50,0,4,0.9200,0.0800,OK
2026-08-20 08:55:00,0010VDS31400,서울 방향(주 대상),S,406.50,406.94,0010CZS470,판교IC-서울TG,3.640,50,10,5,242.0,93.24,0.450,45,50,0,5,0.9000,0.1000,OK
2026-08-20 09:00:00,0010VDS31400,서울 방향(주 대상),S,406.50,406.94,0010CZS470,판교IC-서울TG,3.640,50,10,5,260.0,95.53,0.468,48,50,0,2,0.9600,0.0400,OK
2026-08-20 09:05:00,0010VDS31400,서울 방향(주 대상),S,406.50,406.94,0010CZS470,판교IC-서울TG,3.640,50,10,5,215.0,96.72,0.406,45,50,0,5,0.9000,0.1000,OK
2026-08-20 09:10:00,0010VDS31400,서울 방향(주 대상),S,406.50,406.94,0010CZS470,판교IC-서울TG,3.640,50,10,5,214.0,97.02,0.455,48,50,0,2,0.9600,0.0400,OK
2026-08-20 09:15:00,0010VDS31400,서울 방향(주 대상),S,406.50,406.94,0010CZS470,판교IC-서울TG,3.640,50,10,5,223.0,96.41,0.438,46,50,0,4,0.9200,0.0800,OK
2026-08-20 09:20:00,0010VDS31400,서울 방향(주 대상),S,406.50,406.94,0010CZS470,판교IC-서울TG,3.640,50,10,5,221.0,92.60,0.472,47,50,0,3,0.9400,0.0600,OK
2026-08-20 09:25:00,0010VDS31400,서울 방향(주 대상),S,406.50,406.94,0010CZS470,판교IC-서울TG,3.640,50,10,5,195.0,94.77,0.449,46,50,0,4,0.9200,0.0800,OK
2026-08-20 09:30:00,0010VDS31400,서울 방향(주 대상),S,406.50,406.94,0010CZS470,판교IC-서울TG,3.640,50,10,5,225.0,91.68,0.471,48,50,0,2,0.9600,0.0400,OK
2026-08-20 09:35:00,0010VDS31400,서울 방향(주 대상),S,406.50,406.94,0010CZS470,판교IC-서울TG,3.640,50,10,5,198.0,96.63,0.444,47,50,0,3,0.9400,0.0600,OK
2026-08-20 09:40:00,0010VDS31400,서울 방향(주 대상),S,406.50,406.94,0010CZS470,판교IC-서울TG,3.640,50,10,5,196.0,95.01,0.447,46,50,0,4,0.9200,0.0800,OK
2026-08-20 09:45:00,0010VDS31400,서울 방향(주 대상),S,406.50,406.94,0010CZS470,판교IC-서울TG,3.640,50,10,5,206.0,94.87,0.445,45,50,0,5,0.9000,0.1000,OK
2026-08-20 09:50:00,0010VDS31400,서울 방향(주 대상),S,406.50,406.94,0010CZS470,판교IC-서울TG,3.640,50,10,5,210.0,95.41,0.495,49,50,0,1,0.9800,0.0200,OK
2026-08-20 09:55:00,0010VDS31400,서울 방향(주 대상),S,406.50,406.94,0010CZS470,판교IC-서울TG,3.640,50,10,5,231.0,94.99,0.455,44,50,0,6,0.8800,0.1200,OK
2026-08-20 10:00:00,0010VDS31400,서울 방향(주 대상),S,406.50,406.94,0010CZS470,판교IC-서울TG,3.640,50,10,5,203.0,92.27,0.402,42,50,0,8,0.8400,0.1600,OK
2026-08-20 10:05:00,0010VDS31400,서울 방향(주 대상),S,406.50,406.94,0010CZS470,판교IC-서울TG,3.640,50,10,5,253.0,90.80,0.470,46,50,0,4,0.9200,0.0800,OK
2026-08-20 10:10:00,0010VDS31400,서울 방향(주 대상),S,406.50,406.94,0010CZS470,판교IC-서울TG,3.640,50,10,5,233.0,92.33,0.436,46,50,0,4,0.9200,0.0800,OK
2026-08-20 10:15:00,0010VDS31400,서울 방향(주 대상),S,406.50,406.94,0010CZS470,판교IC-서울TG,3.640,50,10,5,281.0,88.67,0.484,47,50,0,3,0.9400,0.0600,OK
2026-08-20 10:20:00,0010VDS31400,서울 방향(주 대상),S,406.50,406.94,0010CZS470,판교IC-서울TG,3.640,50,10,5,249.0,94.76,0.472,47,50,0,3,0.9400,0.0600,OK
2026-08-20 10:25:00,0010VDS31400,서울 방향(주 대상),S,406.50,406.94,0010CZS470,판교IC-서울TG,3.640,50,10,5,237.0,89.84,0.454,46,50,0,4,0.9200,0.0800,OK
2026-08-20 10:30:00,0010VDS31400,서울 방향(주 대상),S,406.50,406.94,0010CZS470,판교IC-서울TG,3.640,50,10,5,242.0,88.83,0.493,47,50,0,3,0.9400,0.0600,OK
2026-08-20 10:35:00,0010VDS31400,서울 방향(주 대상),S,406.50,406.94,0010CZS470,판교IC-서울TG,3.640,50,10,5,209.0,92.17,0.418,44,50,0,6,0.8800,0.1200,OK
2026-08-20 10:40:00,0010VDS31400,서울 방향(주 대상),S,406.50,406.94,0010CZS470,판교IC-서울TG,3.640,50,10,5,218.0,92.73,0.408,41,50,0,9,0.8200,0.1800,OK
2026-08-20 10:45:00,0010VDS31400,서울 방향(주 대상),S,406.50,406.94,0010CZS470,판교IC-서울TG,3.640,50,10,5,244.0,92.49,0.474,47,50,0,3,0.9400,0.0600,OK
2026-08-20 10:50:00,0010VDS31400,서울 방향(주 대상),S,406.50,406.94,0010CZS470,판교IC-서울TG,3.640,50,10,5,190.0,91.00,0.454,45,50,0,5,0.9000,0.1000,OK
2026-08-20 10:55:00,0010VDS31400,서울 방향(주 대상),S,406.50,406.94,0010CZS470,판교IC-서울TG,3.640,50,10,5,235.0,93.00,0.482,48,50,0,2,0.9600,0.0400,OK
2026-08-20 11:00:00,0010VDS31400,서울 방향(주 대상),S,406.50,406.94,0010CZS470,판교IC-서울TG,3.640,50,10,5,219.0,93.09,0.401,41,50,0,9,0.8200,0.1800,OK
2026-08-20 11:05:00,0010VDS31400,서울 방향(주 대상),S,406.50,406.94,0010CZS470,판교IC-서울TG,3.640,50,10,5,199.0,93.04,0.432,45,50,0,5,0.9000,0.1000,OK
2026-08-20 11:10:00,0010VDS31400,서울 방향(주 대상),S,406.50,406.94,0010CZS470,판교IC-서울TG,3.640,50,10,5,203.0,96.33,0.425,44,50,0,6,0.8800,0.1200,OK
2026-08-20 11:15:00,0010VDS31400,서울 방향(주 대상),S,406.50,406.94,0010CZS470,판교IC-서울TG,3.640,50,10,5,220.0,92.74,0.434,44,50,0,6,0.8800,0.1200,OK
2026-08-20 11:20:00,0010VDS31400,서울 방향(주 대상),S,406.50,406.94,0010CZS470,판교IC-서울TG,3.640,50,10,5,197.0,95.23,0.420,44,50,0,6,0.8800,0.1200,OK
2026-08-20 11:25:00,0010VDS31400,서울 방향(주 대상),S,406.50,406.94,0010CZS470,판교IC-서울TG,3.640,50,10,5,220.0,92.38,0.459,46,50,0,4,0.9200,0.0800,OK
2026-08-20 11:30:00,0010VDS31400,서울 방향(주 대상),S,406.50,406.94,0010CZS470,판교IC-서울TG,3.640,50,10,5,210.0,87.43,0.480,44,50,0,6,0.8800,0.1200,OK
2026-08-20 11:35:00,0010VDS31400,서울 방향(주 대상),S,406.50,406.94,0010CZS470,판교IC-서울TG,3.640,50,10,5,218.0,91.91,0.419,43,50,0,7,0.8600,0.1400,OK
2026-08-20 11:40:00,0010VDS31400,서울 방향(주 대상),S,406.50,406.94,0010CZS470,판교IC-서울TG,3.640,50,10,5,194.0,90.27,0.494,45,50,0,5,0.9000,0.1000,OK
2026-08-20 11:45:00,0010VDS31400,서울 방향(주 대상),S,406.50,406.94,0010CZS470,판교IC-서울TG,3.640,50,10,5,250.0,84.72,0.460,46,50,0,4,0.9200,0.0800,OK
2026-08-20 11:50:00,0010VDS31400,서울 방향(주 대상),S,406.50,406.94,0010CZS470,판교IC-서울TG,3.640,50,10,5,220.0,86.60,0.475,45,50,0,5,0.9000,0.1000,OK
2026-08-20 11:55:00,0010VDS31400,서울 방향(주 대상),S,406.50,406.94,0010CZS470,판교IC-서울TG,3.640,50,10,5,231.0,82.09,0.490,47,50,0,3,0.9400,0.0600,OK
2026-08-20 12:00:00,0010VDS31400,서울 방향(주 대상),S,406.50,406.94,0010CZS470,판교IC-서울TG,3.640,50,10,5,215.0,86.68,0.472,41,45,5,4,0.8200,0.0800,ERROR_VALUE
2026-08-20 12:05:00,0010VDS31400,서울 방향(주 대상),S,406.50,406.94,0010CZS470,판교IC-서울TG,3.640,50,10,5,240.0,82.92,0.509,46,50,0,4,0.9200,0.0800,OK
2026-08-20 12:10:00,0010VDS31400,서울 방향(주 대상),S,406.50,406.94,0010CZS470,판교IC-서울TG,3.640,50,10,5,229.0,79.93,0.532,47,50,0,3,0.9400,0.0600,OK
2026-08-20 12:15:00,0010VDS31400,서울 방향(주 대상),S,406.50,406.94,0010CZS470,판교IC-서울TG,3.640,50,10,5,274.0,80.54,0.487,47,50,0,3,0.9400,0.0600,OK
2026-08-20 12:20:00,0010VDS31400,서울 방향(주 대상),S,406.50,406.94,0010CZS470,판교IC-서울TG,3.640,50,10,5,224.0,86.58,0.458,45,50,0,5,0.9000,0.1000,OK
2026-08-20 12:25:00,0010VDS31400,서울 방향(주 대상),S,406.50,406.94,0010CZS470,판교IC-서울TG,3.640,50,10,5,196.0,91.16,0.349,38,50,0,12,0.7600,0.2400,OK
2026-08-20 12:30:00,0010VDS31400,서울 방향(주 대상),S,406.50,406.94,0010CZS470,판교IC-서울TG,3.640,50,10,5,188.0,90.03,0.450,43,50,0,7,0.8600,0.1400,OK
2026-08-20 12:35:00,0010VDS31400,서울 방향(주 대상),S,406.50,406.94,0010CZS470,판교IC-서울TG,3.640,50,10,5,189.0,92.15,0.461,45,50,0,5,0.9000,0.1000,OK
2026-08-20 12:40:00,0010VDS31400,서울 방향(주 대상),S,406.50,406.94,0010CZS470,판교IC-서울TG,3.640,50,10,5,176.0,91.63,0.363,39,50,0,11,0.7800,0.2200,OK
2026-08-20 12:45:00,0010VDS31400,서울 방향(주 대상),S,406.50,406.94,0010CZS470,판교IC-서울TG,3.640,50,10,5,199.0,88.97,0.477,47,50,0,3,0.9400,0.0600,OK
2026-08-20 12:50:00,0010VDS31400,서울 방향(주 대상),S,406.50,406.94,0010CZS470,판교IC-서울TG,3.640,50,10,5,184.0,92.36,0.437,44,50,0,6,0.8800,0.1200,OK
2026-08-20 12:55:00,0010VDS31400,서울 방향(주 대상),S,406.50,406.94,0010CZS470,판교IC-서울TG,3.640,50,10,5,195.0,91.65,0.398,42,50,0,8,0.8400,0.1600,OK
2026-08-20 13:00:00,0010VDS31400,서울 방향(주 대상),S,406.50,406.94,0010CZS470,판교IC-서울TG,3.640,50,10,5,207.0,90.00,0.464,47,50,0,3,0.9400,0.0600,OK
2026-08-20 13:05:00,0010VDS31400,서울 방향(주 대상),S,406.50,406.94,0010CZS470,판교IC-서울TG,3.640,50,10,5,190.0,90.16,0.417,45,50,0,5,0.9000,0.1000,OK
2026-08-20 13:10:00,0010VDS31400,서울 방향(주 대상),S,406.50,406.94,0010CZS470,판교IC-서울TG,3.640,50,10,5,180.0,90.78,0.429,43,50,0,7,0.8600,0.1400,OK
2026-08-20 13:15:00,0010VDS31400,서울 방향(주 대상),S,406.50,406.94,0010CZS470,판교IC-서울TG,3.640,50,10,5,178.0,91.39,0.494,48,50,0,2,0.9600,0.0400,OK
2026-08-20 13:20:00,0010VDS31400,서울 방향(주 대상),S,406.50,406.94,0010CZS470,판교IC-서울TG,3.640,50,10,5,242.0,87.50,0.465,45,50,0,5,0.9000,0.1000,OK
2026-08-20 13:25:00,0010VDS31400,서울 방향(주 대상),S,406.50,406.94,0010CZS470,판교IC-서울TG,3.640,50,10,5,248.0,86.58,0.443,43,50,0,7,0.8600,0.1400,OK
2026-08-20 13:30:00,0010VDS31400,서울 방향(주 대상),S,406.50,406.94,0010CZS470,판교IC-서울TG,3.640,50,10,5,235.0,91.30,0.472,48,50,0,2,0.9600,0.0400,OK
2026-08-20 13:35:00,0010VDS31400,서울 방향(주 대상),S,406.50,406.94,0010CZS470,판교IC-서울TG,3.640,50,10,5,238.0,85.02,0.454,45,50,0,5,0.9000,0.1000,OK
2026-08-20 13:40:00,0010VDS31400,서울 방향(주 대상),S,406.50,406.94,0010CZS470,판교IC-서울TG,3.640,50,10,5,242.0,89.15,0.457,45,50,0,5,0.9000,0.1000,OK
2026-08-20 13:45:00,0010VDS31400,서울 방향(주 대상),S,406.50,406.94,0010CZS470,판교IC-서울TG,3.640,50,10,5,202.0,87.91,0.408,43,50,0,7,0.8600,0.1400,OK
2026-08-20 13:50:00,0010VDS31400,서울 방향(주 대상),S,406.50,406.94,0010CZS470,판교IC-서울TG,3.640,50,10,5,211.0,93.22,0.447,46,50,0,4,0.9200,0.0800,OK
2026-08-20 13:55:00,0010VDS31400,서울 방향(주 대상),S,406.50,406.94,0010CZS470,판교IC-서울TG,3.640,50,10,5,204.0,88.02,0.434,43,50,0,7,0.8600,0.1400,OK
2026-08-20 14:00:00,0010VDS31400,서울 방향(주 대상),S,406.50,406.94,0010CZS470,판교IC-서울TG,3.640,50,10,5,192.0,86.73,0.421,41,50,0,9,0.8200,0.1800,OK
2026-08-20 14:05:00,0010VDS31400,서울 방향(주 대상),S,406.50,406.94,0010CZS470,판교IC-서울TG,3.640,50,10,5,173.0,90.63,0.414,43,50,0,7,0.8600,0.1400,OK
2026-08-20 14:10:00,0010VDS31400,서울 방향(주 대상),S,406.50,406.94,0010CZS470,판교IC-서울TG,3.640,50,10,5,179.0,92.22,0.450,43,50,0,7,0.8600,0.1400,OK
2026-08-20 14:15:00,0010VDS31400,서울 방향(주 대상),S,406.50,406.94,0010CZS470,판교IC-서울TG,3.640,50,10,5,188.0,92.94,0.422,45,50,0,5,0.9000,0.1000,OK
2026-08-20 14:20:00,0010VDS31400,서울 방향(주 대상),S,406.50,406.94,0010CZS470,판교IC-서울TG,3.640,50,10,5,190.0,91.88,0.428,45,50,0,5,0.9000,0.1000,OK
2026-08-20 14:25:00,0010VDS31400,서울 방향(주 대상),S,406.50,406.94,0010CZS470,판교IC-서울TG,3.640,50,10,5,213.0,94.74,0.476,49,50,0,1,0.9800,0.0200,OK
2026-08-20 14:30:00,0010VDS31400,서울 방향(주 대상),S,406.50,406.94,0010CZS470,판교IC-서울TG,3.640,50,10,5,181.0,91.24,0.432,44,50,0,6,0.8800,0.1200,OK
2026-08-20 14:35:00,0010VDS31400,서울 방향(주 대상),S,406.50,406.94,0010CZS470,판교IC-서울TG,3.640,50,10,5,200.0,91.53,0.449,47,50,0,3,0.9400,0.0600,OK
2026-08-20 14:40:00,0010VDS31400,서울 방향(주 대상),S,406.50,406.94,0010CZS470,판교IC-서울TG,3.640,50,10,5,180.0,93.78,0.418,44,50,0,6,0.8800,0.1200,OK
2026-08-20 14:45:00,0010VDS31400,서울 방향(주 대상),S,406.50,406.94,0010CZS470,판교IC-서울TG,3.640,50,10,5,216.0,95.70,0.480,46,50,0,4,0.9200,0.0800,OK
2026-08-20 14:50:00,0010VDS31400,서울 방향(주 대상),S,406.50,406.94,0010CZS470,판교IC-서울TG,3.640,50,10,5,201.0,93.22,0.437,46,50,0,4,0.9200,0.0800,OK
2026-08-20 14:55:00,0010VDS31400,서울 방향(주 대상),S,406.50,406.94,0010CZS470,판교IC-서울TG,3.640,50,10,5,217.0,88.69,0.425,45,50,0,5,0.9000,0.1000,OK
2026-08-20 15:00:00,0010VDS31400,서울 방향(주 대상),S,406.50,406.94,0010CZS470,판교IC-서울TG,3.640,50,10,5,207.0,91.57,0.425,44,50,0,6,0.8800,0.1200,OK
2026-08-20 15:05:00,0010VDS31400,서울 방향(주 대상),S,406.50,406.94,0010CZS470,판교IC-서울TG,3.640,50,10,5,194.0,90.24,0.398,42,50,0,8,0.8400,0.1600,OK
2026-08-20 15:10:00,0010VDS31400,서울 방향(주 대상),S,406.50,406.94,0010CZS470,판교IC-서울TG,3.640,50,10,5,220.0,91.15,0.456,45,50,0,5,0.9000,0.1000,OK
2026-08-20 15:15:00,0010VDS31400,서울 방향(주 대상),S,406.50,406.94,0010CZS470,판교IC-서울TG,3.640,50,10,5,230.0,91.61,0.451,47,50,0,3,0.9400,0.0600,OK
2026-08-20 15:20:00,0010VDS31400,서울 방향(주 대상),S,406.50,406.94,0010CZS470,판교IC-서울TG,3.640,50,10,5,251.0,90.79,0.490,47,50,0,3,0.9400,0.0600,OK
2026-08-20 15:25:00,0010VDS31400,서울 방향(주 대상),S,406.50,406.94,0010CZS470,판교IC-서울TG,3.640,50,10,5,234.0,95.48,0.416,46,50,0,4,0.9200,0.0800,OK
2026-08-20 15:30:00,0010VDS31400,서울 방향(주 대상),S,406.50,406.94,0010CZS470,판교IC-서울TG,3.640,50,10,5,215.0,95.64,0.410,45,50,0,5,0.9000,0.1000,OK
2026-08-20 15:35:00,0010VDS31400,서울 방향(주 대상),S,406.50,406.94,0010CZS470,판교IC-서울TG,3.640,50,10,5,186.0,93.16,0.467,45,50,0,5,0.9000,0.1000,OK
2026-08-20 15:40:00,0010VDS31400,서울 방향(주 대상),S,406.50,406.94,0010CZS470,판교IC-서울TG,3.640,50,10,5,209.0,93.10,0.470,45,50,0,5,0.9000,0.1000,OK
2026-08-20 15:45:00,0010VDS31400,서울 방향(주 대상),S,406.50,406.94,0010CZS470,판교IC-서울TG,3.640,50,10,5,206.0,93.93,0.446,46,50,0,4,0.9200,0.0800,OK
2026-08-20 15:50:00,0010VDS31400,서울 방향(주 대상),S,406.50,406.94,0010CZS470,판교IC-서울TG,3.640,50,10,5,189.0,92.35,0.397,43,50,0,7,0.8600,0.1400,OK
2026-08-20 15:55:00,0010VDS31400,서울 방향(주 대상),S,406.50,406.94,0010CZS470,판교IC-서울TG,3.640,50,10,5,212.0,94.77,0.388,43,50,0,7,0.8600,0.1400,OK
2026-08-20 16:00:00,0010VDS31400,서울 방향(주 대상),S,406.50,406.94,0010CZS470,판교IC-서울TG,3.640,50,10,5,194.0,92.23,0.394,41,50,0,9,0.8200,0.1800,OK
2026-08-20 16:05:00,0010VDS31400,서울 방향(주 대상),S,406.50,406.94,0010CZS470,판교IC-서울TG,3.640,50,10,5,213.0,93.20,0.422,48,50,0,2,0.9600,0.0400,OK
2026-08-20 16:10:00,0010VDS31400,서울 방향(주 대상),S,406.50,406.94,0010CZS470,판교IC-서울TG,3.640,50,10,5,217.0,94.80,0.393,44,50,0,6,0.8800,0.1200,OK
2026-08-20 16:15:00,0010VDS31400,서울 방향(주 대상),S,406.50,406.94,0010CZS470,판교IC-서울TG,3.640,50,10,5,217.0,94.91,0.441,47,50,0,3,0.9400,0.0600,OK
2026-08-20 16:20:00,0010VDS31400,서울 방향(주 대상),S,406.50,406.94,0010CZS470,판교IC-서울TG,3.640,50,10,5,237.0,92.02,0.434,46,50,0,4,0.9200,0.0800,OK
2026-08-20 16:25:00,0010VDS31400,서울 방향(주 대상),S,406.50,406.94,0010CZS470,판교IC-서울TG,3.640,50,10,5,246.0,91.04,0.464,47,50,0,3,0.9400,0.0600,OK
2026-08-20 16:30:00,0010VDS31400,서울 방향(주 대상),S,406.50,406.94,0010CZS470,판교IC-서울TG,3.640,50,10,5,236.0,92.17,0.443,46,50,0,4,0.9200,0.0800,OK
2026-08-20 16:35:00,0010VDS31400,서울 방향(주 대상),S,406.50,406.94,0010CZS470,판교IC-서울TG,3.640,50,10,5,271.0,89.84,0.436,47,50,0,3,0.9400,0.0600,OK
2026-08-20 16:40:00,0010VDS31400,서울 방향(주 대상),S,406.50,406.94,0010CZS470,판교IC-서울TG,3.640,50,10,5,293.0,93.80,0.434,48,50,0,2,0.9600,0.0400,OK
2026-08-20 16:45:00,0010VDS31400,서울 방향(주 대상),S,406.50,406.94,0010CZS470,판교IC-서울TG,3.640,50,10,5,282.0,93.77,0.447,49,50,0,1,0.9800,0.0200,OK
2026-08-20 16:50:00,0010VDS31400,서울 방향(주 대상),S,406.50,406.94,0010CZS470,판교IC-서울TG,3.640,50,10,5,292.0,91.16,0.455,47,50,0,3,0.9400,0.0600,OK
2026-08-20 16:55:00,0010VDS31400,서울 방향(주 대상),S,406.50,406.94,0010CZS470,판교IC-서울TG,3.640,50,10,5,284.0,90.57,0.442,48,50,0,2,0.9600,0.0400,OK
2026-08-20 17:00:00,0010VDS31400,서울 방향(주 대상),S,406.50,406.94,0010CZS470,판교IC-서울TG,3.640,50,10,5,241.0,94.78,0.394,43,50,0,7,0.8600,0.1400,OK
2026-08-20 17:05:00,0010VDS31400,서울 방향(주 대상),S,406.50,406.94,0010CZS470,판교IC-서울TG,3.640,50,10,5,249.0,92.67,0.437,48,50,0,2,0.9600,0.0400,OK
2026-08-20 17:10:00,0010VDS31400,서울 방향(주 대상),S,406.50,406.94,0010CZS470,판교IC-서울TG,3.640,50,10,5,249.0,94.50,0.461,49,50,0,1,0.9800,0.0200,OK
2026-08-20 17:15:00,0010VDS31400,서울 방향(주 대상),S,406.50,406.94,0010CZS470,판교IC-서울TG,3.640,50,10,5,261.0,96.05,0.400,45,50,0,5,0.9000,0.1000,OK
2026-08-20 17:20:00,0010VDS31400,서울 방향(주 대상),S,406.50,406.94,0010CZS470,판교IC-서울TG,3.640,50,10,5,264.0,93.41,0.437,48,50,0,2,0.9600,0.0400,OK
2026-08-20 17:25:00,0010VDS31400,서울 방향(주 대상),S,406.50,406.94,0010CZS470,판교IC-서울TG,3.640,50,10,5,240.0,93.57,0.410,45,50,0,5,0.9000,0.1000,OK
2026-08-20 17:30:00,0010VDS31400,서울 방향(주 대상),S,406.50,406.94,0010CZS470,판교IC-서울TG,3.640,50,10,5,259.0,93.90,0.421,47,50,0,3,0.9400,0.0600,OK
2026-08-20 17:35:00,0010VDS31400,서울 방향(주 대상),S,406.50,406.94,0010CZS470,판교IC-서울TG,3.640,50,10,5,297.0,91.85,0.458,50,50,0,0,1.0000,0.0000,OK
2026-08-20 17:40:00,0010VDS31400,서울 방향(주 대상),S,406.50,406.94,0010CZS470,판교IC-서울TG,3.640,50,10,5,248.0,94.73,0.403,47,50,0,3,0.9400,0.0600,OK
2026-08-20 17:45:00,0010VDS31400,서울 방향(주 대상),S,406.50,406.94,0010CZS470,판교IC-서울TG,3.640,50,10,5,262.0,92.27,0.422,47,50,0,3,0.9400,0.0600,OK
2026-08-20 17:50:00,0010VDS31400,서울 방향(주 대상),S,406.50,406.94,0010CZS470,판교IC-서울TG,3.640,50,10,5,246.0,95.45,0.444,48,50,0,2,0.9600,0.0400,OK
2026-08-20 17:55:00,0010VDS31400,서울 방향(주 대상),S,406.50,406.94,0010CZS470,판교IC-서울TG,3.640,50,10,5,273.0,92.35,0.423,46,50,0,4,0.9200,0.0800,OK
2026-08-20 18:00:00,0010VDS31400,서울 방향(주 대상),S,406.50,406.94,0010CZS470,판교IC-서울TG,3.640,50,10,5,249.0,91.54,0.411,46,50,0,4,0.9200,0.0800,OK
2026-08-20 18:05:00,0010VDS31400,서울 방향(주 대상),S,406.50,406.94,0010CZS470,판교IC-서울TG,3.640,50,10,5,241.0,91.19,0.444,47,50,0,3,0.9400,0.0600,OK
2026-08-20 18:10:00,0010VDS31400,서울 방향(주 대상),S,406.50,406.94,0010CZS470,판교IC-서울TG,3.640,50,10,5,264.0,88.15,0.454,46,50,0,4,0.9200,0.0800,OK
2026-08-20 18:15:00,0010VDS31400,서울 방향(주 대상),S,406.50,406.94,0010CZS470,판교IC-서울TG,3.640,50,10,5,269.0,91.41,0.461,50,50,0,0,1.0000,0.0000,OK
2026-08-20 18:20:00,0010VDS31400,서울 방향(주 대상),S,406.50,406.94,0010CZS470,판교IC-서울TG,3.640,50,10,5,248.0,92.44,0.456,49,50,0,1,0.9800,0.0200,OK
2026-08-20 18:25:00,0010VDS31400,서울 방향(주 대상),S,406.50,406.94,0010CZS470,판교IC-서울TG,3.640,50,10,5,297.0,91.89,0.453,50,50,0,0,1.0000,0.0000,OK
2026-08-20 18:30:00,0010VDS31400,서울 방향(주 대상),S,406.50,406.94,0010CZS470,판교IC-서울TG,3.640,50,10,5,262.0,95.97,0.432,50,50,0,0,1.0000,0.0000,OK
2026-08-20 18:35:00,0010VDS31400,서울 방향(주 대상),S,406.50,406.94,0010CZS470,판교IC-서울TG,3.640,50,10,5,275.0,91.20,0.463,50,50,0,0,1.0000,0.0000,OK
2026-08-20 18:40:00,0010VDS31400,서울 방향(주 대상),S,406.50,406.94,0010CZS470,판교IC-서울TG,3.640,50,10,5,287.0,92.29,0.448,48,50,0,2,0.9600,0.0400,OK
2026-08-20 18:45:00,0010VDS31400,서울 방향(주 대상),S,406.50,406.94,0010CZS470,판교IC-서울TG,3.640,50,10,5,267.0,94.01,0.456,49,50,0,1,0.9800,0.0200,OK
2026-08-20 18:50:00,0010VDS31400,서울 방향(주 대상),S,406.50,406.94,0010CZS470,판교IC-서울TG,3.640,50,10,5,264.0,94.03,0.443,48,50,0,2,0.9600,0.0400,OK
2026-08-20 18:55:00,0010VDS31400,서울 방향(주 대상),S,406.50,406.94,0010CZS470,판교IC-서울TG,3.640,50,10,5,252.0,90.81,0.428,47,50,0,3,0.9400,0.0600,OK
2026-08-20 19:00:00,0010VDS31400,서울 방향(주 대상),S,406.50,406.94,0010CZS470,판교IC-서울TG,3.640,50,10,5,254.0,89.52,0.396,42,50,0,8,0.8400,0.1600,OK
2026-08-20 19:05:00,0010VDS31400,서울 방향(주 대상),S,406.50,406.94,0010CZS470,판교IC-서울TG,3.640,50,10,5,251.0,89.59,0.444,47,50,0,3,0.9400,0.0600,OK
2026-08-20 19:10:00,0010VDS31400,서울 방향(주 대상),S,406.50,406.94,0010CZS470,판교IC-서울TG,3.640,50,10,5,272.0,91.54,0.490,49,50,0,1,0.9800,0.0200,OK
2026-08-20 19:15:00,0010VDS31400,서울 방향(주 대상),S,406.50,406.94,0010CZS470,판교IC-서울TG,3.640,50,10,5,228.0,89.36,0.448,46,50,0,4,0.9200,0.0800,OK
2026-08-20 19:20:00,0010VDS31400,서울 방향(주 대상),S,406.50,406.94,0010CZS470,판교IC-서울TG,3.640,50,10,5,196.0,93.73,0.445,46,50,0,4,0.9200,0.0800,OK
2026-08-20 19:25:00,0010VDS31400,서울 방향(주 대상),S,406.50,406.94,0010CZS470,판교IC-서울TG,3.640,50,10,5,247.0,91.15,0.450,48,50,0,2,0.9600,0.0400,OK
2026-08-20 19:30:00,0010VDS31400,서울 방향(주 대상),S,406.50,406.94,0010CZS470,판교IC-서울TG,3.640,50,10,5,216.0,90.21,0.463,47,50,0,3,0.9400,0.0600,OK
2026-08-20 19:35:00,0010VDS31400,서울 방향(주 대상),S,406.50,406.94,0010CZS470,판교IC-서울TG,3.640,50,10,5,205.0,89.82,0.445,46,50,0,4,0.9200,0.0800,OK
2026-08-20 19:40:00,0010VDS31400,서울 방향(주 대상),S,406.50,406.94,0010CZS470,판교IC-서울TG,3.640,50,10,5,211.0,88.45,0.420,43,50,0,7,0.8600,0.1400,OK
2026-08-20 19:45:00,0010VDS31400,서울 방향(주 대상),S,406.50,406.94,0010CZS470,판교IC-서울TG,3.640,50,10,5,225.0,91.74,0.433,45,50,0,5,0.9000,0.1000,OK
2026-08-20 19:50:00,0010VDS31400,서울 방향(주 대상),S,406.50,406.94,0010CZS470,판교IC-서울TG,3.640,50,10,5,217.0,89.06,0.461,46,50,0,4,0.9200,0.0800,OK
2026-08-20 19:55:00,0010VDS31400,서울 방향(주 대상),S,406.50,406.94,0010CZS470,판교IC-서울TG,3.640,50,10,5,201.0,88.78,0.422,43,50,0,7,0.8600,0.1400,OK
2026-08-20 20:00:00,0010VDS31400,서울 방향(주 대상),S,406.50,406.94,0010CZS470,판교IC-서울TG,3.640,50,10,5,213.0,89.96,0.463,46,50,0,4,0.9200,0.0800,OK
2026-08-20 20:05:00,0010VDS31400,서울 방향(주 대상),S,406.50,406.94,0010CZS470,판교IC-서울TG,3.640,50,10,5,225.0,86.50,0.473,46,50,0,4,0.9200,0.0800,OK
2026-08-20 20:10:00,0010VDS31400,서울 방향(주 대상),S,406.50,406.94,0010CZS470,판교IC-서울TG,3.640,50,10,5,229.0,92.17,0.455,46,50,0,4,0.9200,0.0800,OK
2026-08-20 20:15:00,0010VDS31400,서울 방향(주 대상),S,406.50,406.94,0010CZS470,판교IC-서울TG,3.640,50,10,5,236.0,88.89,0.465,47,50,0,3,0.9400,0.0600,OK
2026-08-20 20:20:00,0010VDS31400,서울 방향(주 대상),S,406.50,406.94,0010CZS470,판교IC-서울TG,3.640,50,10,5,232.0,83.28,0.483,46,50,0,4,0.9200,0.0800,OK
2026-08-20 20:25:00,0010VDS31400,서울 방향(주 대상),S,406.50,406.94,0010CZS470,판교IC-서울TG,3.640,50,10,5,215.0,88.61,0.479,46,50,0,4,0.9200,0.0800,OK
2026-08-20 20:30:00,0010VDS31400,서울 방향(주 대상),S,406.50,406.94,0010CZS470,판교IC-서울TG,3.640,50,10,5,198.0,88.61,0.408,44,50,0,6,0.8800,0.1200,OK
2026-08-20 20:35:00,0010VDS31400,서울 방향(주 대상),S,406.50,406.94,0010CZS470,판교IC-서울TG,3.640,50,10,5,184.0,91.39,0.404,42,50,0,8,0.8400,0.1600,OK
2026-08-20 20:40:00,0010VDS31400,서울 방향(주 대상),S,406.50,406.94,0010CZS470,판교IC-서울TG,3.640,50,10,5,205.0,87.60,0.449,44,50,0,6,0.8800,0.1200,OK
2026-08-20 20:45:00,0010VDS31400,서울 방향(주 대상),S,406.50,406.94,0010CZS470,판교IC-서울TG,3.640,50,10,5,187.0,90.14,0.444,45,50,0,5,0.9000,0.1000,OK
2026-08-20 20:50:00,0010VDS31400,서울 방향(주 대상),S,406.50,406.94,0010CZS470,판교IC-서울TG,3.640,50,10,5,152.0,89.57,0.457,45,50,0,5,0.9000,0.1000,OK
2026-08-20 20:55:00,0010VDS31400,서울 방향(주 대상),S,406.50,406.94,0010CZS470,판교IC-서울TG,3.640,50,10,5,147.0,93.23,0.398,40,50,0,10,0.8000,0.2000,OK
2026-08-20 21:00:00,0010VDS31400,서울 방향(주 대상),S,406.50,406.94,0010CZS470,판교IC-서울TG,3.640,50,10,5,155.0,93.90,0.342,39,50,0,11,0.7800,0.2200,OK
2026-08-20 21:05:00,0010VDS31400,서울 방향(주 대상),S,406.50,406.94,0010CZS470,판교IC-서울TG,3.640,50,10,5,152.0,93.59,0.420,45,50,0,5,0.9000,0.1000,OK
2026-08-20 21:10:00,0010VDS31400,서울 방향(주 대상),S,406.50,406.94,0010CZS470,판교IC-서울TG,3.640,50,10,5,206.0,93.93,0.453,47,50,0,3,0.9400,0.0600,OK
2026-08-20 21:15:00,0010VDS31400,서울 방향(주 대상),S,406.50,406.94,0010CZS470,판교IC-서울TG,3.640,50,10,5,190.0,91.79,0.407,43,50,0,7,0.8600,0.1400,OK
2026-08-20 21:20:00,0010VDS31400,서울 방향(주 대상),S,406.50,406.94,0010CZS470,판교IC-서울TG,3.640,50,10,5,212.0,91.99,0.492,46,50,0,4,0.9200,0.0800,OK
2026-08-20 21:25:00,0010VDS31400,서울 방향(주 대상),S,406.50,406.94,0010CZS470,판교IC-서울TG,3.640,50,10,5,200.0,92.08,0.485,48,50,0,2,0.9600,0.0400,OK
2026-08-20 21:30:00,0010VDS31400,서울 방향(주 대상),S,406.50,406.94,0010CZS470,판교IC-서울TG,3.640,50,10,5,189.0,92.87,0.442,46,50,0,4,0.9200,0.0800,OK
2026-08-20 21:35:00,0010VDS31400,서울 방향(주 대상),S,406.50,406.94,0010CZS470,판교IC-서울TG,3.640,50,10,5,173.0,95.10,0.419,42,50,0,8,0.8400,0.1600,OK
2026-08-20 21:40:00,0010VDS31400,서울 방향(주 대상),S,406.50,406.94,0010CZS470,판교IC-서울TG,3.640,50,10,5,221.0,92.54,0.465,47,50,0,3,0.9400,0.0600,OK
2026-08-20 21:45:00,0010VDS31400,서울 방향(주 대상),S,406.50,406.94,0010CZS470,판교IC-서울TG,3.640,50,10,5,201.0,92.64,0.416,45,50,0,5,0.9000,0.1000,OK
2026-08-20 21:50:00,0010VDS31400,서울 방향(주 대상),S,406.50,406.94,0010CZS470,판교IC-서울TG,3.640,50,10,5,177.0,97.62,0.405,44,50,0,6,0.8800,0.1200,OK
2026-08-20 21:55:00,0010VDS31400,서울 방향(주 대상),S,406.50,406.94,0010CZS470,판교IC-서울TG,3.640,50,10,5,217.0,92.69,0.492,48,50,0,2,0.9600,0.0400,OK
2026-08-20 22:00:00,0010VDS31400,서울 방향(주 대상),S,406.50,406.94,0010CZS470,판교IC-서울TG,3.640,50,10,5,160.0,96.17,0.367,43,50,0,7,0.8600,0.1400,OK
2026-08-20 22:05:00,0010VDS31400,서울 방향(주 대상),S,406.50,406.94,0010CZS470,판교IC-서울TG,3.640,50,10,5,206.0,90.91,0.432,46,50,0,4,0.9200,0.0800,OK
2026-08-20 22:10:00,0010VDS31400,서울 방향(주 대상),S,406.50,406.94,0010CZS470,판교IC-서울TG,3.640,50,10,5,163.0,94.45,0.433,45,50,0,5,0.9000,0.1000,OK
2026-08-20 22:15:00,0010VDS31400,서울 방향(주 대상),S,406.50,406.94,0010CZS470,판교IC-서울TG,3.640,50,10,5,173.0,96.10,0.446,46,50,0,4,0.9200,0.0800,OK
2026-08-20 22:20:00,0010VDS31400,서울 방향(주 대상),S,406.50,406.94,0010CZS470,판교IC-서울TG,3.640,50,10,5,215.0,92.71,0.447,46,50,0,4,0.9200,0.0800,OK
2026-08-20 22:25:00,0010VDS31400,서울 방향(주 대상),S,406.50,406.94,0010CZS470,판교IC-서울TG,3.640,50,10,5,180.0,94.97,0.409,44,50,0,6,0.8800,0.1200,OK
2026-08-20 22:30:00,0010VDS31400,서울 방향(주 대상),S,406.50,406.94,0010CZS470,판교IC-서울TG,3.640,50,10,5,195.0,95.75,0.406,45,50,0,5,0.9000,0.1000,OK
2026-08-20 22:35:00,0010VDS31400,서울 방향(주 대상),S,406.50,406.94,0010CZS470,판교IC-서울TG,3.640,50,10,5,161.0,97.20,0.396,42,50,0,8,0.8400,0.1600,OK
2026-08-20 22:40:00,0010VDS31400,서울 방향(주 대상),S,406.50,406.94,0010CZS470,판교IC-서울TG,3.640,50,10,5,168.0,95.41,0.376,43,50,0,7,0.8600,0.1400,OK
2026-08-20 22:45:00,0010VDS31400,서울 방향(주 대상),S,406.50,406.94,0010CZS470,판교IC-서울TG,3.640,50,10,5,195.0,95.31,0.430,44,50,0,6,0.8800,0.1200,OK
2026-08-20 22:50:00,0010VDS31400,서울 방향(주 대상),S,406.50,406.94,0010CZS470,판교IC-서울TG,3.640,50,10,5,173.0,94.39,0.391,42,50,0,8,0.8400,0.1600,OK
2026-08-20 22:55:00,0010VDS31400,서울 방향(주 대상),S,406.50,406.94,0010CZS470,판교IC-서울TG,3.640,50,10,5,183.0,97.45,0.426,45,50,0,5,0.9000,0.1000,OK
2026-08-20 23:00:00,0010VDS31400,서울 방향(주 대상),S,406.50,406.94,0010CZS470,판교IC-서울TG,3.640,50,10,5,140.0,92.52,0.369,38,50,0,12,0.7600,0.2400,OK
2026-08-20 23:05:00,0010VDS31400,서울 방향(주 대상),S,406.50,406.94,0010CZS470,판교IC-서울TG,3.640,50,10,5,194.0,95.09,0.424,46,50,0,4,0.9200,0.0800,OK
2026-08-20 23:10:00,0010VDS31400,서울 방향(주 대상),S,406.50,406.94,0010CZS470,판교IC-서울TG,3.640,50,10,5,165.0,97.09,0.436,40,45,5,5,0.8000,0.1000,ERROR_VALUE
2026-08-20 23:15:00,0010VDS31400,서울 방향(주 대상),S,406.50,406.94,0010CZS470,판교IC-서울TG,3.640,50,10,5,174.0,96.94,0.411,43,50,0,7,0.8600,0.1400,OK
2026-08-20 23:20:00,0010VDS31400,서울 방향(주 대상),S,406.50,406.94,0010CZS470,판교IC-서울TG,3.640,50,10,5,153.0,97.43,0.398,43,50,0,7,0.8600,0.1400,OK
2026-08-20 23:25:00,0010VDS31400,서울 방향(주 대상),S,406.50,406.94,0010CZS470,판교IC-서울TG,3.640,50,10,5,123.0,103.71,0.312,39,50,0,11,0.7800,0.2200,OK
2026-08-20 23:30:00,0010VDS31400,서울 방향(주 대상),S,406.50,406.94,0010CZS470,판교IC-서울TG,3.640,50,10,5,116.0,102.08,0.314,36,50,0,14,0.7200,0.2800,OK
2026-08-20 23:35:00,0010VDS31400,서울 방향(주 대상),S,406.50,406.94,0010CZS470,판교IC-서울TG,3.640,50,10,5,124.0,98.81,0.399,42,50,0,8,0.8400,0.1600,OK
2026-08-20 23:40:00,0010VDS31400,서울 방향(주 대상),S,406.50,406.94,0010CZS470,판교IC-서울TG,3.640,50,10,5,133.0,99.59,0.391,42,50,0,8,0.8400,0.1600,OK
2026-08-20 23:45:00,0010VDS31400,서울 방향(주 대상),S,406.50,406.94,0010CZS470,판교IC-서울TG,3.640,50,10,5,117.0,98.64,0.373,40,50,0,10,0.8000,0.2000,OK
2026-08-20 23:50:00,0010VDS31400,서울 방향(주 대상),S,406.50,406.94,0010CZS470,판교IC-서울TG,3.640,50,10,5,113.0,99.86,0.376,40,50,0,10,0.8000,0.2000,OK
2026-08-20 23:55:00,0010VDS31400,서울 방향(주 대상),S,406.50,406.94,0010CZS470,판교IC-서울TG,3.640,50,10,5,111.0,99.28,0.392,40,50,0,10,0.8000,0.2000,OK
